Sector,Período,Empleo
A,1º Trim 1996,233667.0
A,2º Trim 1996,235856.0
A,3º Trim 1996,231227.0
A,4º Trim 1996,237822.0
A,1º Trim 1997,258634.0
A,2º Trim 1997,257305.0
A,3º Trim 1997,245450.0
A,4º Trim 1997,250647.0
A,1º Trim 1998,270515.0
A,2º Trim 1998,256484.0
A,3º Trim 1998,251596.0
A,4º Trim 1998,253579.0
A,1º Trim 1999,268784.0
A,2º Trim 1999,253879.0
A,3º Trim 1999,244620.0
A,4º Trim 1999,245149.0
A,1º Trim 2000,258429.0
A,2º Trim 2000,249157.0
A,3º Trim 2000,245415.0
A,4º Trim 2000,245104.0
A,1º Trim 2001,259214.0
A,2º Trim 2001,253327.0
A,3º Trim 2001,238464.0
A,4º Trim 2001,229579.0
A,1º Trim 2002,236715.0
A,2º Trim 2002,231229.0
A,3º Trim 2002,226261.0
A,4º Trim 2002,226714.0
A,1º Trim 2003,245915.0
A,2º Trim 2003,247266.0
A,3º Trim 2003,245582.0
A,4º Trim 2003,247602.0
A,1º Trim 2004,270356.0
A,2º Trim 2004,272555.0
A,3º Trim 2004,269601.0
A,4º Trim 2004,273157.0
A,1º Trim 2005,296746.0
A,2º Trim 2005,298800.0
A,3º Trim 2005,291573.0
A,4º Trim 2005,295987.0
A,1º Trim 2006,318493.0
A,2º Trim 2006,315041.0
A,3º Trim 2006,305986.0
A,4º Trim 2006,312465.0
A,1º Trim 2007,332502.0
A,2º Trim 2007,328201.0
A,3º Trim 2007,317129.0
A,4º Trim 2007,330269.0
A,1º Trim 2008,347739.0
A,2º Trim 2008,350274.0
A,3º Trim 2008,335605.0
A,4º Trim 2008,346856.0
A,1º Trim 2009,351895.0
A,2º Trim 2009,337314.0
A,3º Trim 2009,326240.0
A,4º Trim 2009,339119.0
A,1º Trim 2010,346383.0
A,2º Trim 2010,338939.0
A,3º Trim 2010,323779.0
A,4º Trim 2010,338860.0
A,1º Trim 2011,357855.0
A,2º Trim 2011,357281.0
A,3º Trim 2011,340467.0
A,4º Trim 2011,352471.0
A,1º Trim 2012,358331.0
A,2º Trim 2012,347128.0
A,3º Trim 2012,335351.0
A,4º Trim 2012,344840.0
A,1º Trim 2013,362401.0
A,2º Trim 2013,354244.0
A,3º Trim 2013,332030.0
A,4º Trim 2013,333079.0
A,1º Trim 2014,349873.0
A,2º Trim 2014,343020.0
A,3º Trim 2014,338261.0
A,4º Trim 2014,348826.0
A,1º Trim 2015,362939.0
A,2º Trim 2015,351215.0
A,3º Trim 2015,336272.0
A,4º Trim 2015,336066.0
A,1º Trim 2016,349025.0
A,2º Trim 2016,338178.0
A,3º Trim 2016,334095.0
A,4º Trim 2016,347396.0
A,1º Trim 2017,359002.0
A,2º Trim 2017,344346.0
A,3º Trim 2017,337542.0
A,4º Trim 2017,349166.0
A,1º Trim 2018,363342.0
A,2º Trim 2018,349586.0
A,3º Trim 2018,346378.0
A,4º Trim 2018,360135.0
A,1º Trim 2019,368117.0
A,2º Trim 2019,360562.0
A,3º Trim 2019,351031.0
A,4º Trim 2019,354360.0
A,1ro Trim 2020,364634.0
A,2º Trim 2020,349772.0
A,3º Trim 2020,341069.0
A,4º Trim 2020,342746.0
A,1º Trim 2021,360783.0
A,2º Trim 2021,357539.0
A,3º Trim 2021,350668.0
A,4º Trim 2021,348641.0
A,1º Trim 2022,360332.0
A,2º Trim 2022,348872.0
A,3º Trim 2022,339349.0
A,4º Trim 2022,338577.0
A,1º Trim 2023,354563.0
A,2º Trim 2023,344066.0
A,3º Trim 2023,338753.0
A,4º Trim 2023,335728.0
A,1º Trim 2024,358111.0
A,2º Trim 2024,355565.0
A,3º Trim 2024,347119.0
A,4º Trim 2024,346952.0
A,1º Trim 2025,358801.0
A,2º Trim 2025,354149.0
B,1º Trim 1996,8116.0
B,2º Trim 1996,9255.0
B,3º Trim 1996,9457.0
B,4º Trim 1996,8731.0
B,1º Trim 1997,9729.0
B,2º Trim 1997,10479.0
B,3º Trim 1997,10052.0
B,4º Trim 1997,9005.0
B,1º Trim 1998,9896.0
B,2º Trim 1998,10632.0
B,3º Trim 1998,9584.0
B,4º Trim 1998,8836.0
B,1º Trim 1999,9419.0
B,2º Trim 1999,9519.0
B,3º Trim 1999,8689.0
B,4º Trim 1999,8510.0
B,1º Trim 2000,9014.0
B,2º Trim 2000,8694.0
B,3º Trim 2000,8648.0
B,4º Trim 2000,9008.0
B,1º Trim 2001,9984.0
B,2º Trim 2001,10572.0
B,3º Trim 2001,10150.0
B,4º Trim 2001,10281.0
B,1º Trim 2002,11366.0
B,2º Trim 2002,12722.0
B,3º Trim 2002,12461.0
B,4º Trim 2002,12545.0
B,1º Trim 2003,13610.0
B,2º Trim 2003,14595.0
B,3º Trim 2003,13193.0
B,4º Trim 2003,13584.0
B,1º Trim 2004,15121.0
B,2º Trim 2004,15605.0
B,3º Trim 2004,14100.0
B,4º Trim 2004,13921.0
B,1º Trim 2005,15182.0
B,2º Trim 2005,15567.0
B,3º Trim 2005,13922.0
B,4º Trim 2005,14927.0
B,1º Trim 2006,16057.0
B,2º Trim 2006,16848.0
B,3º Trim 2006,15261.0
B,4º Trim 2006,14942.0
B,1º Trim 2007,15950.0
B,2º Trim 2007,16639.0
B,3º Trim 2007,15158.0
B,4º Trim 2007,14342.0
B,1º Trim 2008,14649.0
B,2º Trim 2008,15659.0
B,3º Trim 2008,14855.0
B,4º Trim 2008,13866.0
B,1º Trim 2009,14147.0
B,2º Trim 2009,14418.0
B,3º Trim 2009,13752.0
B,4º Trim 2009,13179.0
B,1º Trim 2010,13776.0
B,2º Trim 2010,13546.0
B,3º Trim 2010,14148.0
B,4º Trim 2010,13281.0
B,1º Trim 2011,14268.0
B,2º Trim 2011,14383.0
B,3º Trim 2011,14420.0
B,4º Trim 2011,13718.0
B,1º Trim 2012,13908.0
B,2º Trim 2012,13539.0
B,3º Trim 2012,12820.0
B,4º Trim 2012,12539.0
B,1º Trim 2013,12806.0
B,2º Trim 2013,13182.0
B,3º Trim 2013,12867.0
B,4º Trim 2013,13117.0
B,1º Trim 2014,12657.0
B,2º Trim 2014,13062.0
B,3º Trim 2014,12888.0
B,4º Trim 2014,12855.0
B,1º Trim 2015,12915.0
B,2º Trim 2015,13198.0
B,3º Trim 2015,12727.0
B,4º Trim 2015,12801.0
B,1º Trim 2016,12924.0
B,2º Trim 2016,12056.0
B,3º Trim 2016,11778.0
B,4º Trim 2016,11775.0
B,1º Trim 2017,12268.0
B,2º Trim 2017,12114.0
B,3º Trim 2017,12140.0
B,4º Trim 2017,11998.0
B,1º Trim 2018,12520.0
B,2º Trim 2018,12028.0
B,3º Trim 2018,12576.0
B,4º Trim 2018,12500.0
B,1º Trim 2019,13251.0
B,2º Trim 2019,12043.0
B,3º Trim 2019,12577.0
B,4º Trim 2019,11915.0
B,1ro Trim 2020,12429.0
B,2º Trim 2020,11807.0
B,3º Trim 2020,12172.0
B,4º Trim 2020,11818.0
B,1º Trim 2021,13041.0
B,2º Trim 2021,12729.0
B,3º Trim 2021,13134.0
B,4º Trim 2021,11800.0
B,1º Trim 2022,13119.0
B,2º Trim 2022,12992.0
B,3º Trim 2022,12775.0
B,4º Trim 2022,11624.0
B,1º Trim 2023,12977.0
B,2º Trim 2023,12630.0
B,3º Trim 2023,13240.0
B,4º Trim 2023,11624.0
B,1º Trim 2024,13310.0
B,2º Trim 2024,13068.0
B,3º Trim 2024,13075.0
B,4º Trim 2024,12708.0
B,1º Trim 2025,14350.0
B,2º Trim 2025,12901.0
C,1º Trim 1996,33062.0
C,2º Trim 1996,33736.0
C,3º Trim 1996,34176.0
C,4º Trim 1996,36235.0
C,1º Trim 1997,35711.0
C,2º Trim 1997,37072.0
C,3º Trim 1997,37629.0
C,4º Trim 1997,37673.0
C,1º Trim 1998,38577.0
C,2º Trim 1998,39073.0
C,3º Trim 1998,38903.0
C,4º Trim 1998,37168.0
C,1º Trim 1999,35437.0
C,2º Trim 1999,34779.0
C,3º Trim 1999,35016.0
C,4º Trim 1999,35775.0
C,1º Trim 2000,36603.0
C,2º Trim 2000,36942.0
C,3º Trim 2000,36932.0
C,4º Trim 2000,36709.0
C,1º Trim 2001,37790.0
C,2º Trim 2001,38326.0
C,3º Trim 2001,37449.0
C,4º Trim 2001,37043.0
C,1º Trim 2002,36237.0
C,2º Trim 2002,34811.0
C,3º Trim 2002,34555.0
C,4º Trim 2002,35436.0
C,1º Trim 2003,36795.0
C,2º Trim 2003,38167.0
C,3º Trim 2003,39350.0
C,4º Trim 2003,40465.0
C,1º Trim 2004,42389.0
C,2º Trim 2004,43441.0
C,3º Trim 2004,44838.0
C,4º Trim 2004,46576.0
C,1º Trim 2005,48305.0
C,2º Trim 2005,50662.0
C,3º Trim 2005,51517.0
C,4º Trim 2005,52732.0
C,1º Trim 2006,54936.0
C,2º Trim 2006,55703.0
C,3º Trim 2006,56840.0
C,4º Trim 2006,58969.0
C,1º Trim 2007,61312.0
C,2º Trim 2007,62788.0
C,3º Trim 2007,64739.0
C,4º Trim 2007,66713.0
C,1º Trim 2008,68599.0
C,2º Trim 2008,69702.0
C,3º Trim 2008,70687.0
C,4º Trim 2008,70961.0
C,1º Trim 2009,69717.0
C,2º Trim 2009,68522.0
C,3º Trim 2009,68117.0
C,4º Trim 2009,68191.0
C,1º Trim 2010,69124.0
C,2º Trim 2010,69775.0
C,3º Trim 2010,70876.0
C,4º Trim 2010,72045.0
C,1º Trim 2011,73197.0
C,2º Trim 2011,73792.0
C,3º Trim 2011,74946.0
C,4º Trim 2011,76286.0
C,1º Trim 2012,77480.0
C,2º Trim 2012,77925.0
C,3º Trim 2012,78339.0
C,4º Trim 2012,78924.0
C,1º Trim 2013,79952.0
C,2º Trim 2013,80536.0
C,3º Trim 2013,81571.0
C,4º Trim 2013,83342.0
C,1º Trim 2014,85540.0
C,2º Trim 2014,86666.0
C,3º Trim 2014,87931.0
C,4º Trim 2014,89755.0
C,1º Trim 2015,91361.0
C,2º Trim 2015,91024.0
C,3º Trim 2015,90552.0
C,4º Trim 2015,89517.0
C,1º Trim 2016,88236.0
C,2º Trim 2016,85874.0
C,3º Trim 2016,84661.0
C,4º Trim 2016,84064.0
C,1º Trim 2017,82621.0
C,2º Trim 2017,81232.0
C,3º Trim 2017,81157.0
C,4º Trim 2017,81313.0
C,1º Trim 2018,81638.0
C,2º Trim 2018,84975.0
C,3º Trim 2018,85361.0
C,4º Trim 2018,86713.0
C,1º Trim 2019,88225.0
C,2º Trim 2019,89442.0
C,3º Trim 2019,90441.0
C,4º Trim 2019,90160.0
C,1ro Trim 2020,89352.0
C,2º Trim 2020,87033.0
C,3º Trim 2020,84338.0
C,4º Trim 2020,82882.0
C,1º Trim 2021,84518.0
C,2º Trim 2021,85189.0
C,3º Trim 2021,85880.0
C,4º Trim 2021,86811.0
C,1º Trim 2022,88574.0
C,2º Trim 2022,89760.0
C,3º Trim 2022,91675.0
C,4º Trim 2022,93534.0
C,1º Trim 2023,95418.0
C,2º Trim 2023,96644.0
C,3º Trim 2023,98142.0
C,4º Trim 2023,99153.0
C,1º Trim 2024,100590.0
C,2º Trim 2024,100263.0
C,3º Trim 2024,99987.0
C,4º Trim 2024,99316.0
C,1º Trim 2025,97854.0
C,2º Trim 2025,94498.0
D,1º Trim 1996,883197.0
D,2º Trim 1996,890840.0
D,3º Trim 1996,896864.0
D,4º Trim 1996,910881.0
D,1º Trim 1997,922208.0
D,2º Trim 1997,933274.0
D,3º Trim 1997,933628.0
D,4º Trim 1997,947176.0
D,1º Trim 1998,952594.0
D,2º Trim 1998,954636.0
D,3º Trim 1998,947506.0
D,4º Trim 1998,941533.0
D,1º Trim 1999,927697.0
D,2º Trim 1999,905706.0
D,3º Trim 1999,886550.0
D,4º Trim 1999,880966.0
D,1º Trim 2000,875396.0
D,2º Trim 2000,857223.0
D,3º Trim 2000,848858.0
D,4º Trim 2000,846626.0
D,1º Trim 2001,843744.0
D,2º Trim 2001,828122.0
D,3º Trim 2001,806292.0
D,4º Trim 2001,780250.0
D,1º Trim 2002,743676.0
D,2º Trim 2002,729583.0
D,3º Trim 2002,724205.0
D,4º Trim 2002,732569.0
D,1º Trim 2003,755699.0
D,2º Trim 2003,772025.0
D,3º Trim 2003,794857.0
D,4º Trim 2003,823010.0
D,1º Trim 2004,855787.0
D,2º Trim 2004,872803.0
D,3º Trim 2004,894974.0
D,4º Trim 2004,923362.0
D,1º Trim 2005,948658.0
D,2º Trim 2005,965639.0
D,3º Trim 2005,981353.0
D,4º Trim 2005,1009228.0
D,1º Trim 2006,1033541.0
D,2º Trim 2006,1048096.0
D,3º Trim 2006,1061904.0
D,4º Trim 2006,1084728.0
D,1º Trim 2007,1107296.0
D,2º Trim 2007,1121183.0
D,3º Trim 2007,1138837.0
D,4º Trim 2007,1163424.0
D,1º Trim 2008,1186457.0
D,2º Trim 2008,1201742.0
D,3º Trim 2008,1206316.0
D,4º Trim 2008,1201653.0
D,1º Trim 2009,1185485.0
D,2º Trim 2009,1166202.0
D,3º Trim 2009,1164604.0
D,4º Trim 2009,1175220.0
D,1º Trim 2010,1187107.0
D,2º Trim 2010,1196042.0
D,3º Trim 2010,1202605.0
D,4º Trim 2010,1215655.0
D,1º Trim 2011,1235699.0
D,2º Trim 2011,1248802.0
D,3º Trim 2011,1258368.0
D,4º Trim 2011,1272366.0
D,1º Trim 2012,1274608.0
D,2º Trim 2012,1270356.0
D,3º Trim 2012,1268079.0
D,4º Trim 2012,1279525.0
D,1º Trim 2013,1289984.0
D,2º Trim 2013,1287776.0
D,3º Trim 2013,1285992.0
D,4º Trim 2013,1291269.0
D,1º Trim 2014,1287264.0
D,2º Trim 2014,1278335.0
D,3º Trim 2014,1273214.0
D,4º Trim 2014,1275879.0
D,1º Trim 2015,1284347.0
D,2º Trim 2015,1292114.0
D,3º Trim 2015,1295864.0
D,4º Trim 2015,1295783.0
D,1º Trim 2016,1292377.0
D,2º Trim 2016,1274975.0
D,3º Trim 2016,1261912.0
D,4º Trim 2016,1256584.0
D,1º Trim 2017,1258021.0
D,2º Trim 2017,1248343.0
D,3º Trim 2017,1240627.0
D,4º Trim 2017,1242763.0
D,1º Trim 2018,1246130.0
D,2º Trim 2018,1230366.0
D,3º Trim 2018,1208967.0
D,4º Trim 2018,1191223.0
D,1º Trim 2019,1187108.0
D,2º Trim 2019,1171044.0
D,3º Trim 2019,1160187.0
D,4º Trim 2019,1145576.0
D,1ro Trim 2020,1148097.0
D,2º Trim 2020,1131496.0
D,3º Trim 2020,1138397.0
D,4º Trim 2020,1150449.0
D,1º Trim 2021,1169198.0
D,2º Trim 2021,1174785.0
D,3º Trim 2021,1177144.0
D,4º Trim 2021,1187533.0
D,1º Trim 2022,1213043.0
D,2º Trim 2022,1223575.0
D,3º Trim 2022,1234891.0
D,4º Trim 2022,1243906.0
D,1º Trim 2023,1265521.0
D,2º Trim 2023,1267140.0
D,3º Trim 2023,1273020.0
D,4º Trim 2023,1268965.0
D,1º Trim 2024,1267760.0
D,2º Trim 2024,1243743.0
D,3º Trim 2024,1237261.0
D,4º Trim 2024,1242334.0
D,1º Trim 2025,1247953.0
D,2º Trim 2025,1231975.0
E,1º Trim 1996,44276.0
E,2º Trim 1996,44636.0
E,3º Trim 1996,45250.0
E,4º Trim 1996,44484.0
E,1º Trim 1997,44705.0
E,2º Trim 1997,45012.0
E,3º Trim 1997,47384.0
E,4º Trim 1997,47623.0
E,1º Trim 1998,47980.0
E,2º Trim 1998,47996.0
E,3º Trim 1998,49010.0
E,4º Trim 1998,48346.0
E,1º Trim 1999,48242.0
E,2º Trim 1999,48214.0
E,3º Trim 1999,49241.0
E,4º Trim 1999,49201.0
E,1º Trim 2000,48750.0
E,2º Trim 2000,48890.0
E,3º Trim 2000,48381.0
E,4º Trim 2000,48911.0
E,1º Trim 2001,48927.0
E,2º Trim 2001,48816.0
E,3º Trim 2001,49072.0
E,4º Trim 2001,48676.0
E,1º Trim 2002,47801.0
E,2º Trim 2002,46142.0
E,3º Trim 2002,45980.0
E,4º Trim 2002,45889.0
E,1º Trim 2003,45902.0
E,2º Trim 2003,46078.0
E,3º Trim 2003,46375.0
E,4º Trim 2003,46518.0
E,1º Trim 2004,47514.0
E,2º Trim 2004,47921.0
E,3º Trim 2004,48245.0
E,4º Trim 2004,48769.0
E,1º Trim 2005,48929.0
E,2º Trim 2005,49568.0
E,3º Trim 2005,49654.0
E,4º Trim 2005,50472.0
E,1º Trim 2006,51771.0
E,2º Trim 2006,51189.0
E,3º Trim 2006,51753.0
E,4º Trim 2006,52108.0
E,1º Trim 2007,52475.0
E,2º Trim 2007,52779.0
E,3º Trim 2007,52791.0
E,4º Trim 2007,53218.0
E,1º Trim 2008,53810.0
E,2º Trim 2008,54233.0
E,3º Trim 2008,54382.0
E,4º Trim 2008,54417.0
E,1º Trim 2009,54571.0
E,2º Trim 2009,55598.0
E,3º Trim 2009,55949.0
E,4º Trim 2009,56302.0
E,1º Trim 2010,56418.0
E,2º Trim 2010,56658.0
E,3º Trim 2010,57509.0
E,4º Trim 2010,57612.0
E,1º Trim 2011,58366.0
E,2º Trim 2011,59010.0
E,3º Trim 2011,59553.0
E,4º Trim 2011,60247.0
E,1º Trim 2012,60415.0
E,2º Trim 2012,61016.0
E,3º Trim 2012,61139.0
E,4º Trim 2012,61947.0
E,1º Trim 2013,62788.0
E,2º Trim 2013,63368.0
E,3º Trim 2013,64283.0
E,4º Trim 2013,65072.0
E,1º Trim 2014,65826.0
E,2º Trim 2014,66647.0
E,3º Trim 2014,67256.0
E,4º Trim 2014,68192.0
E,1º Trim 2015,68757.0
E,2º Trim 2015,69596.0
E,3º Trim 2015,70400.0
E,4º Trim 2015,70723.0
E,1º Trim 2016,71003.0
E,2º Trim 2016,71024.0
E,3º Trim 2016,71372.0
E,4º Trim 2016,71701.0
E,1º Trim 2017,72490.0
E,2º Trim 2017,72791.0
E,3º Trim 2017,73368.0
E,4º Trim 2017,73980.0
E,1º Trim 2018,74347.0
E,2º Trim 2018,74249.0
E,3º Trim 2018,74091.0
E,4º Trim 2018,74049.0
E,1º Trim 2019,74183.0
E,2º Trim 2019,74254.0
E,3º Trim 2019,74347.0
E,4º Trim 2019,74182.0
E,1ro Trim 2020,73813.0
E,2º Trim 2020,73545.0
E,3º Trim 2020,73659.0
E,4º Trim 2020,73767.0
E,1º Trim 2021,74077.0
E,2º Trim 2021,74158.0
E,3º Trim 2021,74193.0
E,4º Trim 2021,74329.0
E,1º Trim 2022,74474.0
E,2º Trim 2022,74590.0
E,3º Trim 2022,75047.0
E,4º Trim 2022,75558.0
E,1º Trim 2023,75872.0
E,2º Trim 2023,75884.0
E,3º Trim 2023,76300.0
E,4º Trim 2023,76942.0
E,1º Trim 2024,77068.0
E,2º Trim 2024,76481.0
E,3º Trim 2024,75936.0
E,4º Trim 2024,75914.0
E,1º Trim 2025,75907.0
E,2º Trim 2025,76149.0
F,1º Trim 1996,182236.0
F,2º Trim 1996,186343.0
F,3º Trim 1996,202239.0
F,4º Trim 1996,216272.0
F,1º Trim 1997,232184.0
F,2º Trim 1997,236005.0
F,3º Trim 1997,246060.0
F,4º Trim 1997,255910.0
F,1º Trim 1998,260130.0
F,2º Trim 1998,260956.0
F,3º Trim 1998,268850.0
F,4º Trim 1998,275357.0
F,1º Trim 1999,274889.0
F,2º Trim 1999,272245.0
F,3º Trim 1999,267397.0
F,4º Trim 1999,259761.0
F,1º Trim 2000,244237.0
F,2º Trim 2000,225998.0
F,3º Trim 2000,223788.0
F,4º Trim 2000,230443.0
F,1º Trim 2001,227420.0
F,2º Trim 2001,217335.0
F,3º Trim 2001,199310.0
F,4º Trim 2001,179331.0
F,1º Trim 2002,137754.0
F,2º Trim 2002,117982.0
F,3º Trim 2002,114237.0
F,4º Trim 2002,123518.0
F,1º Trim 2003,136532.0
F,2º Trim 2003,148604.0
F,3º Trim 2003,162950.0
F,4º Trim 2003,181609.0
F,1º Trim 2004,194358.0
F,2º Trim 2004,203833.0
F,3º Trim 2004,217840.0
F,4º Trim 2004,238920.0
F,1º Trim 2005,259907.0
F,2º Trim 2005,281006.0
F,3º Trim 2005,301492.0
F,4º Trim 2005,328731.0
F,1º Trim 2006,341481.0
F,2º Trim 2006,354964.0
F,3º Trim 2006,361962.0
F,4º Trim 2006,382997.0
F,1º Trim 2007,401228.0
F,2º Trim 2007,419456.0
F,3º Trim 2007,429007.0
F,4º Trim 2007,431994.0
F,1º Trim 2008,429237.0
F,2º Trim 2008,435318.0
F,3º Trim 2008,425520.0
F,4º Trim 2008,417206.0
F,1º Trim 2009,398679.0
F,2º Trim 2009,396218.0
F,3º Trim 2009,392583.0
F,4º Trim 2009,390123.0
F,1º Trim 2010,386547.0
F,2º Trim 2010,392799.0
F,3º Trim 2010,398586.0
F,4º Trim 2010,413775.0
F,1º Trim 2011,423172.0
F,2º Trim 2011,437014.0
F,3º Trim 2011,442930.0
F,4º Trim 2011,450627.0
F,1º Trim 2012,438961.0
F,2º Trim 2012,434343.0
F,3º Trim 2012,424175.0
F,4º Trim 2012,422201.0
F,1º Trim 2013,419934.0
F,2º Trim 2013,429057.0
F,3º Trim 2013,430302.0
F,4º Trim 2013,432110.0
F,1º Trim 2014,419069.0
F,2º Trim 2014,421515.0
F,3º Trim 2014,428401.0
F,4º Trim 2014,437318.0
F,1º Trim 2015,442654.0
F,2º Trim 2015,461712.0
F,3º Trim 2015,466975.0
F,4º Trim 2015,451187.0
F,1º Trim 2016,417584.0
F,2º Trim 2016,411734.0
F,3º Trim 2016,416282.0
F,4º Trim 2016,424860.0
F,1º Trim 2017,432370.0
F,2º Trim 2017,446875.0
F,3º Trim 2017,463110.0
F,4º Trim 2017,474922.0
F,1º Trim 2018,473397.0
F,2º Trim 2018,475095.0
F,3º Trim 2018,469827.0
F,4º Trim 2018,461924.0
F,1º Trim 2019,466763.0
F,2º Trim 2019,464449.0
F,3º Trim 2019,454452.0
F,4º Trim 2019,423672.0
F,1ro Trim 2020,390466.0
F,2º Trim 2020,334156.0
F,3º Trim 2020,332015.0
F,4º Trim 2020,348565.0
F,1º Trim 2021,361014.0
F,2º Trim 2021,376079.0
F,3º Trim 2021,394472.0
F,4º Trim 2021,411302.0
F,1º Trim 2022,421230.0
F,2º Trim 2022,439915.0
F,3º Trim 2022,457010.0
F,4º Trim 2022,470931.0
F,1º Trim 2023,476997.0
F,2º Trim 2023,487116.0
F,3º Trim 2023,484946.0
F,4º Trim 2023,459034.0
F,1º Trim 2024,408095.0
F,2º Trim 2024,387450.0
F,3º Trim 2024,390233.0
F,4º Trim 2024,392653.0
F,1º Trim 2025,391965.0
F,2º Trim 2025,392963.0
G,1º Trim 1996,519514.0
G,2º Trim 1996,527189.0
G,3º Trim 1996,536298.0
G,4º Trim 1996,552036.0
G,1º Trim 1997,563084.0
G,2º Trim 1997,570536.0
G,3º Trim 1997,580759.0
G,4º Trim 1997,598679.0
G,1º Trim 1998,610946.0
G,2º Trim 1998,616740.0
G,3º Trim 1998,620155.0
G,4º Trim 1998,627198.0
G,1º Trim 1999,626847.0
G,2º Trim 1999,620996.0
G,3º Trim 1999,614460.0
G,4º Trim 1999,618246.0
G,1º Trim 2000,623619.0
G,2º Trim 2000,617728.0
G,3º Trim 2000,621922.0
G,4º Trim 2000,634354.0
G,1º Trim 2001,641476.0
G,2º Trim 2001,633942.0
G,3º Trim 2001,621751.0
G,4º Trim 2001,608651.0
G,1º Trim 2002,581500.0
G,2º Trim 2002,561921.0
G,3º Trim 2002,552192.0
G,4º Trim 2002,555944.0
G,1º Trim 2003,566113.0
G,2º Trim 2003,571966.0
G,3º Trim 2003,592269.0
G,4º Trim 2003,617185.0
G,1º Trim 2004,638831.0
G,2º Trim 2004,650198.0
G,3º Trim 2004,679458.0
G,4º Trim 2004,709514.0
G,1º Trim 2005,730974.0
G,2º Trim 2005,743532.0
G,3º Trim 2005,760666.0
G,4º Trim 2005,789203.0
G,1º Trim 2006,810307.0
G,2º Trim 2006,816950.0
G,3º Trim 2006,834190.0
G,4º Trim 2006,863893.0
G,1º Trim 2007,892507.0
G,2º Trim 2007,899574.0
G,3º Trim 2007,921124.0
G,4º Trim 2007,964410.0
G,1º Trim 2008,980339.0
G,2º Trim 2008,988454.0
G,3º Trim 2008,1000946.0
G,4º Trim 2008,1011274.0
G,1º Trim 2009,1010466.0
G,2º Trim 2009,994410.0
G,3º Trim 2009,995633.0
G,4º Trim 2009,1013140.0
G,1º Trim 2010,1028734.0
G,2º Trim 2010,1024805.0
G,3º Trim 2010,1034826.0
G,4º Trim 2010,1058963.0
G,1º Trim 2011,1076729.0
G,2º Trim 2011,1073060.0
G,3º Trim 2011,1082887.0
G,4º Trim 2011,1104078.0
G,1º Trim 2012,1111708.0
G,2º Trim 2012,1097807.0
G,3º Trim 2012,1097948.0
G,4º Trim 2012,1114568.0
G,1º Trim 2013,1124815.0
G,2º Trim 2013,1109940.0
G,3º Trim 2013,1112135.0
G,4º Trim 2013,1126685.0
G,1º Trim 2014,1133409.0
G,2º Trim 2014,1115775.0
G,3º Trim 2014,1116443.0
G,4º Trim 2014,1126859.0
G,1º Trim 2015,1140491.0
G,2º Trim 2015,1135504.0
G,3º Trim 2015,1142573.0
G,4º Trim 2015,1155045.0
G,1º Trim 2016,1167773.0
G,2º Trim 2016,1154752.0
G,3º Trim 2016,1156582.0
G,4º Trim 2016,1168788.0
G,1º Trim 2017,1177633.0
G,2º Trim 2017,1167156.0
G,3º Trim 2017,1172685.0
G,4º Trim 2017,1188619.0
G,1º Trim 2018,1199154.0
G,2º Trim 2018,1183813.0
G,3º Trim 2018,1174212.0
G,4º Trim 2018,1163299.0
G,1º Trim 2019,1160559.0
G,2º Trim 2019,1139704.0
G,3º Trim 2019,1134112.0
G,4º Trim 2019,1130855.0
G,1ro Trim 2020,1135358.0
G,2º Trim 2020,1103198.0
G,3º Trim 2020,1099804.0
G,4º Trim 2020,1104818.0
G,1º Trim 2021,1116549.0
G,2º Trim 2021,1113144.0
G,3º Trim 2021,1116544.0
G,4º Trim 2021,1136543.0
G,1º Trim 2022,1165003.0
G,2º Trim 2022,1172239.0
G,3º Trim 2022,1188770.0
G,4º Trim 2022,1210740.0
G,1º Trim 2023,1235674.0
G,2º Trim 2023,1238566.0
G,3º Trim 2023,1254008.0
G,4º Trim 2023,1265140.0
G,1º Trim 2024,1267049.0
G,2º Trim 2024,1251081.0
G,3º Trim 2024,1258714.0
G,4º Trim 2024,1279300.0
G,1º Trim 2025,1291675.0
G,2º Trim 2025,1283687.0
H,1º Trim 1996,107072.0
H,2º Trim 1996,102261.0
H,3º Trim 1996,105085.0
H,4º Trim 1996,108395.0
H,1º Trim 1997,114184.0
H,2º Trim 1997,108201.0
H,3º Trim 1997,112527.0
H,4º Trim 1997,117314.0
H,1º Trim 1998,124059.0
H,2º Trim 1998,116153.0
H,3º Trim 1998,119309.0
H,4º Trim 1998,122272.0
H,1º Trim 1999,123801.0
H,2º Trim 1999,116748.0
H,3º Trim 1999,119191.0
H,4º Trim 1999,120613.0
H,1º Trim 2000,125059.0
H,2º Trim 2000,119479.0
H,3º Trim 2000,121976.0
H,4º Trim 2000,124750.0
H,1º Trim 2001,127033.0
H,2º Trim 2001,121416.0
H,3º Trim 2001,119977.0
H,4º Trim 2001,117556.0
H,1º Trim 2002,112179.0
H,2º Trim 2002,107279.0
H,3º Trim 2002,108482.0
H,4º Trim 2002,111094.0
H,1º Trim 2003,116192.0
H,2º Trim 2003,113157.0
H,3º Trim 2003,118948.0
H,4º Trim 2003,124736.0
H,1º Trim 2004,132482.0
H,2º Trim 2004,129279.0
H,3º Trim 2004,139232.0
H,4º Trim 2004,147065.0
H,1º Trim 2005,157730.0
H,2º Trim 2005,153734.0
H,3º Trim 2005,161399.0
H,4º Trim 2005,171679.0
H,1º Trim 2006,182942.0
H,2º Trim 2006,176266.0
H,3º Trim 2006,182733.0
H,4º Trim 2006,193055.0
H,1º Trim 2007,204145.0
H,2º Trim 2007,195329.0
H,3º Trim 2007,201045.0
H,4º Trim 2007,211133.0
H,1º Trim 2008,224449.0
H,2º Trim 2008,213982.0
H,3º Trim 2008,219397.0
H,4º Trim 2008,227523.0
H,1º Trim 2009,233955.0
H,2º Trim 2009,218484.0
H,3º Trim 2009,216996.0
H,4º Trim 2009,227625.0
H,1º Trim 2010,238737.0
H,2º Trim 2010,225280.0
H,3º Trim 2010,229352.0
H,4º Trim 2010,237491.0
H,1º Trim 2011,250480.0
H,2º Trim 2011,234954.0
H,3º Trim 2011,239622.0
H,4º Trim 2011,249052.0
H,1º Trim 2012,261443.0
H,2º Trim 2012,244621.0
H,3º Trim 2012,247273.0
H,4º Trim 2012,257427.0
H,1º Trim 2013,271348.0
H,2º Trim 2013,250049.0
H,3º Trim 2013,253041.0
H,4º Trim 2013,262269.0
H,1º Trim 2014,275937.0
H,2º Trim 2014,255937.0
H,3º Trim 2014,257352.0
H,4º Trim 2014,266737.0
H,1º Trim 2015,283765.0
H,2º Trim 2015,264671.0
H,3º Trim 2015,268089.0
H,4º Trim 2015,276665.0
H,1º Trim 2016,289211.0
H,2º Trim 2016,268863.0
H,3º Trim 2016,269460.0
H,4º Trim 2016,280293.0
H,1º Trim 2017,294709.0
H,2º Trim 2017,276329.0
H,3º Trim 2017,280321.0
H,4º Trim 2017,291156.0
H,1º Trim 2018,303542.0
H,2º Trim 2018,283056.0
H,3º Trim 2018,282977.0
H,4º Trim 2018,289439.0
H,1º Trim 2019,300613.0
H,2º Trim 2019,277979.0
H,3º Trim 2019,278836.0
H,4º Trim 2019,284509.0
H,1ro Trim 2020,295167.0
H,2º Trim 2020,248578.0
H,3º Trim 2020,236732.0
H,4º Trim 2020,233679.0
H,1º Trim 2021,238965.0
H,2º Trim 2021,219137.0
H,3º Trim 2021,223549.0
H,4º Trim 2021,246967.0
H,1º Trim 2022,273656.0
H,2º Trim 2022,269609.0
H,3º Trim 2022,285477.0
H,4º Trim 2022,301665.0
H,1º Trim 2023,322214.0
H,2º Trim 2023,308646.0
H,3º Trim 2023,313304.0
H,4º Trim 2023,321799.0
H,1º Trim 2024,328510.0
H,2º Trim 2024,305405.0
H,3º Trim 2024,304756.0
H,4º Trim 2024,313506.0
H,1º Trim 2025,323412.0
H,2º Trim 2025,304087.0
I,1º Trim 1996,281740.0
I,2º Trim 1996,286401.0
I,3º Trim 1996,292441.0
I,4º Trim 1996,296483.0
I,1º Trim 1997,302731.0
I,2º Trim 1997,310493.0
I,3º Trim 1997,334698.0
I,4º Trim 1997,346114.0
I,1º Trim 1998,344970.0
I,2º Trim 1998,349030.0
I,3º Trim 1998,354956.0
I,4º Trim 1998,359049.0
I,1º Trim 1999,358683.0
I,2º Trim 1999,357791.0
I,3º Trim 1999,356664.0
I,4º Trim 1999,363415.0
I,1º Trim 2000,360836.0
I,2º Trim 2000,358539.0
I,3º Trim 2000,361137.0
I,4º Trim 2000,359280.0
I,1º Trim 2001,360340.0
I,2º Trim 2001,357034.0
I,3º Trim 2001,349386.0
I,4º Trim 2001,342006.0
I,1º Trim 2002,330873.0
I,2º Trim 2002,322665.0
I,3º Trim 2002,318310.0
I,4º Trim 2002,318307.0
I,1º Trim 2003,322025.0
I,2º Trim 2003,325588.0
I,3º Trim 2003,327976.0
I,4º Trim 2003,334768.0
I,1º Trim 2004,331326.0
I,2º Trim 2004,338464.0
I,3º Trim 2004,349178.0
I,4º Trim 2004,357589.0
I,1º Trim 2005,367855.0
I,2º Trim 2005,377436.0
I,3º Trim 2005,386357.0
I,4º Trim 2005,395156.0
I,1º Trim 2006,405378.0
I,2º Trim 2006,413152.0
I,3º Trim 2006,420431.0
I,4º Trim 2006,430283.0
I,1º Trim 2007,441703.0
I,2º Trim 2007,449671.0
I,3º Trim 2007,459531.0
I,4º Trim 2007,470574.0
I,1º Trim 2008,480485.0
I,2º Trim 2008,487670.0
I,3º Trim 2008,494321.0
I,4º Trim 2008,496974.0
I,1º Trim 2009,494860.0
I,2º Trim 2009,491176.0
I,3º Trim 2009,490122.0
I,4º Trim 2009,494714.0
I,1º Trim 2010,499319.0
I,2º Trim 2010,502225.0
I,3º Trim 2010,506773.0
I,4º Trim 2010,513603.0
I,1º Trim 2011,522658.0
I,2º Trim 2011,527891.0
I,3º Trim 2011,533754.0
I,4º Trim 2011,539822.0
I,1º Trim 2012,544667.0
I,2º Trim 2012,544383.0
I,3º Trim 2012,545911.0
I,4º Trim 2012,550423.0
I,1º Trim 2013,552511.0
I,2º Trim 2013,551949.0
I,3º Trim 2013,555947.0
I,4º Trim 2013,558369.0
I,1º Trim 2014,560634.0
I,2º Trim 2014,559011.0
I,3º Trim 2014,560900.0
I,4º Trim 2014,564387.0
I,1º Trim 2015,568505.0
I,2º Trim 2015,572121.0
I,3º Trim 2015,576917.0
I,4º Trim 2015,580631.0
I,1º Trim 2016,583196.0
I,2º Trim 2016,578123.0
I,3º Trim 2016,577697.0
I,4º Trim 2016,580950.0
I,1º Trim 2017,583048.0
I,2º Trim 2017,578883.0
I,3º Trim 2017,583363.0
I,4º Trim 2017,588420.0
I,1º Trim 2018,590175.0
I,2º Trim 2018,585141.0
I,3º Trim 2018,578523.0
I,4º Trim 2018,573601.0
I,1º Trim 2019,571631.0
I,2º Trim 2019,564602.0
I,3º Trim 2019,561486.0
I,4º Trim 2019,560632.0
I,1ro Trim 2020,558418.0
I,2º Trim 2020,544359.0
I,3º Trim 2020,541052.0
I,4º Trim 2020,539711.0
I,1º Trim 2021,541027.0
I,2º Trim 2021,538129.0
I,3º Trim 2021,537005.0
I,4º Trim 2021,549671.0
I,1º Trim 2022,547475.0
I,2º Trim 2022,546765.0
I,3º Trim 2022,550319.0
I,4º Trim 2022,553644.0
I,1º Trim 2023,557130.0
I,2º Trim 2023,553705.0
I,3º Trim 2023,557088.0
I,4º Trim 2023,556318.0
I,1º Trim 2024,553805.0
I,2º Trim 2024,544392.0
I,3º Trim 2024,544792.0
I,4º Trim 2024,545675.0
I,1º Trim 2025,544739.0
I,2º Trim 2025,539594.0
J,1º Trim 1996,115932.0
J,2º Trim 1996,119644.0
J,3º Trim 1996,122084.0
J,4º Trim 1996,124149.0
J,1º Trim 1997,125515.0
J,2º Trim 1997,130629.0
J,3º Trim 1997,132138.0
J,4º Trim 1997,135645.0
J,1º Trim 1998,138595.0
J,2º Trim 1998,140450.0
J,3º Trim 1998,141584.0
J,4º Trim 1998,141686.0
J,1º Trim 1999,144135.0
J,2º Trim 1999,144485.0
J,3º Trim 1999,143141.0
J,4º Trim 1999,142472.0
J,1º Trim 2000,140595.0
J,2º Trim 2000,139982.0
J,3º Trim 2000,141724.0
J,4º Trim 2000,142530.0
J,1º Trim 2001,139225.0
J,2º Trim 2001,137875.0
J,3º Trim 2001,133593.0
J,4º Trim 2001,131614.0
J,1º Trim 2002,126586.0
J,2º Trim 2002,125272.0
J,3º Trim 2002,116578.0
J,4º Trim 2002,110623.0
J,1º Trim 2003,108124.0
J,2º Trim 2003,107292.0
J,3º Trim 2003,106259.0
J,4º Trim 2003,106984.0
J,1º Trim 2004,107504.0
J,2º Trim 2004,109162.0
J,3º Trim 2004,110130.0
J,4º Trim 2004,112103.0
J,1º Trim 2005,112929.0
J,2º Trim 2005,114516.0
J,3º Trim 2005,117011.0
J,4º Trim 2005,119154.0
J,1º Trim 2006,119786.0
J,2º Trim 2006,123043.0
J,3º Trim 2006,125795.0
J,4º Trim 2006,129329.0
J,1º Trim 2007,132819.0
J,2º Trim 2007,139766.0
J,3º Trim 2007,143320.0
J,4º Trim 2007,146016.0
J,1º Trim 2008,147968.0
J,2º Trim 2008,150499.0
J,3º Trim 2008,151502.0
J,4º Trim 2008,149531.0
J,1º Trim 2009,140532.0
J,2º Trim 2009,137296.0
J,3º Trim 2009,138375.0
J,4º Trim 2009,137298.0
J,1º Trim 2010,138142.0
J,2º Trim 2010,139340.0
J,3º Trim 2010,141226.0
J,4º Trim 2010,143884.0
J,1º Trim 2011,144949.0
J,2º Trim 2011,147741.0
J,3º Trim 2011,150791.0
J,4º Trim 2011,152219.0
J,1º Trim 2012,152956.0
J,2º Trim 2012,153835.0
J,3º Trim 2012,154906.0
J,4º Trim 2012,155426.0
J,1º Trim 2013,155875.0
J,2º Trim 2013,156272.0
J,3º Trim 2013,156135.0
J,4º Trim 2013,155999.0
J,1º Trim 2014,156005.0
J,2º Trim 2014,154995.0
J,3º Trim 2014,154882.0
J,4º Trim 2014,152558.0
J,1º Trim 2015,153160.0
J,2º Trim 2015,154094.0
J,3º Trim 2015,155468.0
J,4º Trim 2015,155979.0
J,1º Trim 2016,157052.0
J,2º Trim 2016,157251.0
J,3º Trim 2016,156620.0
J,4º Trim 2016,155699.0
J,1º Trim 2017,155788.0
J,2º Trim 2017,155513.0
J,3º Trim 2017,154931.0
J,4º Trim 2017,154320.0
J,1º Trim 2018,155060.0
J,2º Trim 2018,155321.0
J,3º Trim 2018,154799.0
J,4º Trim 2018,153488.0
J,1º Trim 2019,152718.0
J,2º Trim 2019,151868.0
J,3º Trim 2019,151341.0
J,4º Trim 2019,150493.0
J,1ro Trim 2020,149859.0
J,2º Trim 2020,147837.0
J,3º Trim 2020,147405.0
J,4º Trim 2020,146731.0
J,1º Trim 2021,145747.0
J,2º Trim 2021,146172.0
J,3º Trim 2021,145014.0
J,4º Trim 2021,143788.0
J,1º Trim 2022,143300.0
J,2º Trim 2022,143259.0
J,3º Trim 2022,143568.0
J,4º Trim 2022,142714.0
J,1º Trim 2023,142592.0
J,2º Trim 2023,142933.0
J,3º Trim 2023,143234.0
J,4º Trim 2023,142267.0
J,1º Trim 2024,141799.0
J,2º Trim 2024,141665.0
J,3º Trim 2024,141724.0
J,4º Trim 2024,142160.0
J,1º Trim 2025,140700.0
J,2º Trim 2025,140184.0
K,1º Trim 1996,453423.0
K,2º Trim 1996,460188.0
K,3º Trim 1996,478057.0
K,4º Trim 1996,492955.0
K,1º Trim 1997,508206.0
K,2º Trim 1997,515815.0
K,3º Trim 1997,528019.0
K,4º Trim 1997,551086.0
K,1º Trim 1998,567752.0
K,2º Trim 1998,570577.0
K,3º Trim 1998,583966.0
K,4º Trim 1998,592141.0
K,1º Trim 1999,589168.0
K,2º Trim 1999,582958.0
K,3º Trim 1999,583501.0
K,4º Trim 1999,593486.0
K,1º Trim 2000,603160.0
K,2º Trim 2000,594519.0
K,3º Trim 2000,595280.0
K,4º Trim 2000,610244.0
K,1º Trim 2001,619014.0
K,2º Trim 2001,602793.0
K,3º Trim 2001,586536.0
K,4º Trim 2001,579334.0
K,1º Trim 2002,548334.0
K,2º Trim 2002,525653.0
K,3º Trim 2002,520286.0
K,4º Trim 2002,532523.0
K,1º Trim 2003,555990.0
K,2º Trim 2003,566679.0
K,3º Trim 2003,580556.0
K,4º Trim 2003,610873.0
K,1º Trim 2004,639784.0
K,2º Trim 2004,644542.0
K,3º Trim 2004,671404.0
K,4º Trim 2004,708045.0
K,1º Trim 2005,735915.0
K,2º Trim 2005,741399.0
K,3º Trim 2005,754130.0
K,4º Trim 2005,796052.0
K,1º Trim 2006,816040.0
K,2º Trim 2006,817829.0
K,3º Trim 2006,830584.0
K,4º Trim 2006,869629.0
K,1º Trim 2007,890989.0
K,2º Trim 2007,891618.0
K,3º Trim 2007,908222.0
K,4º Trim 2007,961413.0
K,1º Trim 2008,977940.0
K,2º Trim 2008,971366.0
K,3º Trim 2008,961934.0
K,4º Trim 2008,963561.0
K,1º Trim 2009,948496.0
K,2º Trim 2009,916744.0
K,3º Trim 2009,916480.0
K,4º Trim 2009,931542.0
K,1º Trim 2010,956484.0
K,2º Trim 2010,942322.0
K,3º Trim 2010,945501.0
K,4º Trim 2010,971731.0
K,1º Trim 2011,995572.0
K,2º Trim 2011,984190.0
K,3º Trim 2011,989610.0
K,4º Trim 2011,1004560.0
K,1º Trim 2012,1012990.0
K,2º Trim 2012,983088.0
K,3º Trim 2012,972065.0
K,4º Trim 2012,981308.0
K,1º Trim 2013,990728.0
K,2º Trim 2013,967667.0
K,3º Trim 2013,962506.0
K,4º Trim 2013,972570.0
K,1º Trim 2014,971022.0
K,2º Trim 2014,945346.0
K,3º Trim 2014,936116.0
K,4º Trim 2014,951465.0
K,1º Trim 2015,970573.0
K,2º Trim 2015,958502.0
K,3º Trim 2015,960587.0
K,4º Trim 2015,973970.0
K,1º Trim 2016,972011.0
K,2º Trim 2016,940219.0
K,3º Trim 2016,924921.0
K,4º Trim 2016,933547.0
K,1º Trim 2017,956201.0
K,2º Trim 2017,935481.0
K,3º Trim 2017,934848.0
K,4º Trim 2017,950848.0
K,1º Trim 2018,965108.0
K,2º Trim 2018,941344.0
K,3º Trim 2018,919636.0
K,4º Trim 2018,921862.0
K,1º Trim 2019,930286.0
K,2º Trim 2019,903673.0
K,3º Trim 2019,898994.0
K,4º Trim 2019,904312.0
K,1ro Trim 2020,913592.0
K,2º Trim 2020,864919.0
K,3º Trim 2020,874537.0
K,4º Trim 2020,896298.0
K,1º Trim 2021,917368.0
K,2º Trim 2021,912792.0
K,3º Trim 2021,913417.0
K,4º Trim 2021,932551.0
K,1º Trim 2022,966957.0
K,2º Trim 2022,950440.0
K,3º Trim 2022,952298.0
K,4º Trim 2022,965846.0
K,1º Trim 2023,984274.0
K,2º Trim 2023,965371.0
K,3º Trim 2023,965592.0
K,4º Trim 2023,972477.0
K,1º Trim 2024,977282.0
K,2º Trim 2024,944318.0
K,3º Trim 2024,938107.0
K,4º Trim 2024,955979.0
K,1º Trim 2025,974013.0
K,2º Trim 2025,956884.0
M,1º Trim 1996,149440.0
M,2º Trim 1996,159544.0
M,3º Trim 1996,162318.0
M,4º Trim 1996,178032.0
M,1º Trim 1997,180059.0
M,2º Trim 1997,193533.0
M,3º Trim 1997,195551.0
M,4º Trim 1997,216781.0
M,1º Trim 1998,242831.0
M,2º Trim 1998,261248.0
M,3º Trim 1998,263415.0
M,4º Trim 1998,265028.0
M,1º Trim 1999,255000.0
M,2º Trim 1999,270530.0
M,3º Trim 1999,271747.0
M,4º Trim 1999,274278.0
M,1º Trim 2000,263604.0
M,2º Trim 2000,280121.0
M,3º Trim 2000,281990.0
M,4º Trim 2000,285645.0
M,1º Trim 2001,275312.0
M,2º Trim 2001,291598.0
M,3º Trim 2001,291315.0
M,4º Trim 2001,291826.0
M,1º Trim 2002,277967.0
M,2º Trim 2002,287644.0
M,3º Trim 2002,288982.0
M,4º Trim 2002,292155.0
M,1º Trim 2003,282742.0
M,2º Trim 2003,300060.0
M,3º Trim 2003,300552.0
M,4º Trim 2003,305360.0
M,1º Trim 2004,295535.0
M,2º Trim 2004,316970.0
M,3º Trim 2004,322093.0
M,4º Trim 2004,326020.0
M,1º Trim 2005,314528.0
M,2º Trim 2005,337145.0
M,3º Trim 2005,340681.0
M,4º Trim 2005,343931.0
M,1º Trim 2006,332148.0
M,2º Trim 2006,353387.0
M,3º Trim 2006,355491.0
M,4º Trim 2006,362035.0
M,1º Trim 2007,348146.0
M,2º Trim 2007,369424.0
M,3º Trim 2007,373866.0
M,4º Trim 2007,378434.0
M,1º Trim 2008,362854.0
M,2º Trim 2008,385353.0
M,3º Trim 2008,388856.0
M,4º Trim 2008,392726.0
M,1º Trim 2009,375535.0
M,2º Trim 2009,392642.0
M,3º Trim 2009,395175.0
M,4º Trim 2009,399044.0
M,1º Trim 2010,384335.0
M,2º Trim 2010,406782.0
M,3º Trim 2010,410118.0
M,4º Trim 2010,412306.0
M,1º Trim 2011,400546.0
M,2º Trim 2011,423061.0
M,3º Trim 2011,427878.0
M,4º Trim 2011,431547.0
M,1º Trim 2012,418161.0
M,2º Trim 2012,435713.0
M,3º Trim 2012,438237.0
M,4º Trim 2012,442211.0
M,1º Trim 2013,426928.0
M,2º Trim 2013,449558.0
M,3º Trim 2013,449480.0
M,4º Trim 2013,451302.0
M,1º Trim 2014,433619.0
M,2º Trim 2014,458353.0
M,3º Trim 2014,463850.0
M,4º Trim 2014,467254.0
M,1º Trim 2015,452918.0
M,2º Trim 2015,480802.0
M,3º Trim 2015,482851.0
M,4º Trim 2015,482340.0
M,1º Trim 2016,468431.0
M,2º Trim 2016,491751.0
M,3º Trim 2016,491369.0
M,4º Trim 2016,490698.0
M,1º Trim 2017,475498.0
M,2º Trim 2017,499973.0
M,3º Trim 2017,503734.0
M,4º Trim 2017,502725.0
M,1º Trim 2018,485997.0
M,2º Trim 2018,509565.0
M,3º Trim 2018,514758.0
M,4º Trim 2018,513552.0
M,1º Trim 2019,495641.0
M,2º Trim 2019,517253.0
M,3º Trim 2019,518814.0
M,4º Trim 2019,516910.0
M,1ro Trim 2020,496631.0
M,2º Trim 2020,499440.0
M,3º Trim 2020,494312.0
M,4º Trim 2020,490019.0
M,1º Trim 2021,485729.0
M,2º Trim 2021,502005.0
M,3º Trim 2021,506333.0
M,4º Trim 2021,508435.0
M,1º Trim 2022,496274.0
M,2º Trim 2022,522905.0
M,3º Trim 2022,524908.0
M,4º Trim 2022,523578.0
M,1º Trim 2023,505536.0
M,2º Trim 2023,531161.0
M,3º Trim 2023,533175.0
M,4º Trim 2023,529820.0
M,1º Trim 2024,507743.0
M,2º Trim 2024,529588.0
M,3º Trim 2024,529749.0
M,4º Trim 2024,527547.0
M,1º Trim 2025,510639.0
M,2º Trim 2025,532621.0
N,1º Trim 1996,171067.0
N,2º Trim 1996,171545.0
N,3º Trim 1996,173653.0
N,4º Trim 1996,175114.0
N,1º Trim 1997,178269.0
N,2º Trim 1997,177731.0
N,3º Trim 1997,179702.0
N,4º Trim 1997,180395.0
N,1º Trim 1998,180743.0
N,2º Trim 1998,180345.0
N,3º Trim 1998,182384.0
N,4º Trim 1998,183354.0
N,1º Trim 1999,180993.0
N,2º Trim 1999,178512.0
N,3º Trim 1999,178601.0
N,4º Trim 1999,177861.0
N,1º Trim 2000,178569.0
N,2º Trim 2000,177467.0
N,3º Trim 2000,180060.0
N,4º Trim 2000,184044.0
N,1º Trim 2001,183578.0
N,2º Trim 2001,182057.0
N,3º Trim 2001,181766.0
N,4º Trim 2001,180752.0
N,1º Trim 2002,178000.0
N,2º Trim 2002,174467.0
N,3º Trim 2002,172903.0
N,4º Trim 2002,173546.0
N,1º Trim 2003,173765.0
N,2º Trim 2003,173800.0
N,3º Trim 2003,176983.0
N,4º Trim 2003,179757.0
N,1º Trim 2004,182523.0
N,2º Trim 2004,184913.0
N,3º Trim 2004,189743.0
N,4º Trim 2004,193254.0
N,1º Trim 2005,196549.0
N,2º Trim 2005,199547.0
N,3º Trim 2005,203903.0
N,4º Trim 2005,208440.0
N,1º Trim 2006,212212.0
N,2º Trim 2006,212886.0
N,3º Trim 2006,216927.0
N,4º Trim 2006,221266.0
N,1º Trim 2007,225354.0
N,2º Trim 2007,227342.0
N,3º Trim 2007,232681.0
N,4º Trim 2007,236609.0
N,1º Trim 2008,241660.0
N,2º Trim 2008,244681.0
N,3º Trim 2008,249021.0
N,4º Trim 2008,251499.0
N,1º Trim 2009,253643.0
N,2º Trim 2009,254340.0
N,3º Trim 2009,258109.0
N,4º Trim 2009,260951.0
N,1º Trim 2010,264469.0
N,2º Trim 2010,266395.0
N,3º Trim 2010,270025.0
N,4º Trim 2010,274123.0
N,1º Trim 2011,277937.0
N,2º Trim 2011,281253.0
N,3º Trim 2011,285480.0
N,4º Trim 2011,290217.0
N,1º Trim 2012,293338.0
N,2º Trim 2012,294133.0
N,3º Trim 2012,297109.0
N,4º Trim 2012,300764.0
N,1º Trim 2013,303569.0
N,2º Trim 2013,304174.0
N,3º Trim 2013,307617.0
N,4º Trim 2013,311124.0
N,1º Trim 2014,313771.0
N,2º Trim 2014,313069.0
N,3º Trim 2014,316865.0
N,4º Trim 2014,321156.0
N,1º Trim 2015,324372.0
N,2º Trim 2015,326303.0
N,3º Trim 2015,329706.0
N,4º Trim 2015,333650.0
N,1º Trim 2016,338037.0
N,2º Trim 2016,339423.0
N,3º Trim 2016,342638.0
N,4º Trim 2016,346658.0
N,1º Trim 2017,350677.0
N,2º Trim 2017,351124.0
N,3º Trim 2017,354375.0
N,4º Trim 2017,357272.0
N,1º Trim 2018,360838.0
N,2º Trim 2018,360121.0
N,3º Trim 2018,360134.0
N,4º Trim 2018,360506.0
N,1º Trim 2019,361657.0
N,2º Trim 2019,358931.0
N,3º Trim 2019,359413.0
N,4º Trim 2019,360085.0
N,1ro Trim 2020,361310.0
N,2º Trim 2020,358285.0
N,3º Trim 2020,361281.0
N,4º Trim 2020,363036.0
N,1º Trim 2021,363086.0
N,2º Trim 2021,364826.0
N,3º Trim 2021,363461.0
N,4º Trim 2021,363118.0
N,1º Trim 2022,365309.0
N,2º Trim 2022,361933.0
N,3º Trim 2022,363357.0
N,4º Trim 2022,365660.0
N,1º Trim 2023,368109.0
N,2º Trim 2023,367192.0
N,3º Trim 2023,368532.0
N,4º Trim 2023,370260.0
N,1º Trim 2024,369650.0
N,2º Trim 2024,365319.0
N,3º Trim 2024,364299.0
N,4º Trim 2024,365498.0
N,1º Trim 2025,366822.0
N,2º Trim 2025,364349.0
O,1º Trim 1996,241551.0
O,2º Trim 1996,238079.0
O,3º Trim 1996,239270.0
O,4º Trim 1996,245404.0
O,1º Trim 1997,249318.0
O,2º Trim 1997,249824.0
O,3º Trim 1997,252024.0
O,4º Trim 1997,258964.0
O,1º Trim 1998,266765.0
O,2º Trim 1998,264313.0
O,3º Trim 1998,261896.0
O,4º Trim 1998,263209.0
O,1º Trim 1999,261495.0
O,2º Trim 1999,255843.0
O,3º Trim 1999,253021.0
O,4º Trim 1999,255309.0
O,1º Trim 2000,259053.0
O,2º Trim 2000,253711.0
O,3º Trim 2000,254430.0
O,4º Trim 2000,259005.0
O,1º Trim 2001,263262.0
O,2º Trim 2001,257485.0
O,3º Trim 2001,254594.0
O,4º Trim 2001,249246.0
O,1º Trim 2002,240277.0
O,2º Trim 2002,233052.0
O,3º Trim 2002,233157.0
O,4º Trim 2002,235832.0
O,1º Trim 2003,242742.0
O,2º Trim 2003,242592.0
O,3º Trim 2003,249599.0
O,4º Trim 2003,257398.0
O,1º Trim 2004,264372.0
O,2º Trim 2004,266889.0
O,3º Trim 2004,281395.0
O,4º Trim 2004,290146.0
O,1º Trim 2005,299754.0
O,2º Trim 2005,299011.0
O,3º Trim 2005,306054.0
O,4º Trim 2005,315705.0
O,1º Trim 2006,323480.0
O,2º Trim 2006,322847.0
O,3º Trim 2006,329034.0
O,4º Trim 2006,335377.0
O,1º Trim 2007,340822.0
O,2º Trim 2007,339529.0
O,3º Trim 2007,345397.0
O,4º Trim 2007,352753.0
O,1º Trim 2008,359400.0
O,2º Trim 2008,358499.0
O,3º Trim 2008,361703.0
O,4º Trim 2008,365481.0
O,1º Trim 2009,365408.0
O,2º Trim 2009,359557.0
O,3º Trim 2009,360074.0
O,4º Trim 2009,369257.0
O,1º Trim 2010,373883.0
O,2º Trim 2010,370963.0
O,3º Trim 2010,374905.0
O,4º Trim 2010,380192.0
O,1º Trim 2011,386034.0
O,2º Trim 2011,382853.0
O,3º Trim 2011,381959.0
O,4º Trim 2011,385556.0
O,1º Trim 2012,390145.0
O,2º Trim 2012,386173.0
O,3º Trim 2012,387267.0
O,4º Trim 2012,392144.0
O,1º Trim 2013,393388.0
O,2º Trim 2013,389564.0
O,3º Trim 2013,390844.0
O,4º Trim 2013,395028.0
O,1º Trim 2014,395509.0
O,2º Trim 2014,390039.0
O,3º Trim 2014,391234.0
O,4º Trim 2014,396687.0
O,1º Trim 2015,401845.0
O,2º Trim 2015,398410.0
O,3º Trim 2015,400008.0
O,4º Trim 2015,402664.0
O,1º Trim 2016,406532.0
O,2º Trim 2016,401171.0
O,3º Trim 2016,401338.0
O,4º Trim 2016,404690.0
O,1º Trim 2017,406276.0
O,2º Trim 2017,401196.0
O,3º Trim 2017,404062.0
O,4º Trim 2017,407264.0
O,1º Trim 2018,409791.0
O,2º Trim 2018,403458.0
O,3º Trim 2018,403897.0
O,4º Trim 2018,406263.0
O,1º Trim 2019,405491.0
O,2º Trim 2019,396788.0
O,3º Trim 2019,397473.0
O,4º Trim 2019,397818.0
O,1ro Trim 2020,396064.0
O,2º Trim 2020,373978.0
O,3º Trim 2020,369850.0
O,4º Trim 2020,373602.0
O,1º Trim 2021,374780.0
O,2º Trim 2021,371356.0
O,3º Trim 2021,371499.0
O,4º Trim 2021,378445.0
O,1º Trim 2022,384771.0
O,2º Trim 2022,384096.0
O,3º Trim 2022,387015.0
O,4º Trim 2022,390969.0
O,1º Trim 2023,393693.0
O,2º Trim 2023,391505.0
O,3º Trim 2023,393168.0
O,4º Trim 2023,395963.0
O,1º Trim 2024,393432.0
O,2º Trim 2024,385018.0
O,3º Trim 2024,383120.0
O,4º Trim 2024,386182.0
O,1º Trim 2025,384492.0
O,2º Trim 2025,378051.0
