Período,Empleo,Var. %  interanual,Unnamed: 3,Unnamed: 4,Unnamed: 5,Unnamed: 6,Fuente,TipoSerie,Var. % Trimestral,Var. % interanual,"Agricultura, ganadería y pesca",Minería y petróleo,Industria,"Electricidad, gas y agua",Construcción,Comercio,Servicios,Total ,Minería y petróleo (3),"Electricidad, gas y agua (3)"
1º Trim 1996,3424278.0,,,,,,C1.1,Total,,,,,,,,,,,,
2º Trim 1996,3465503.0,,,,,,C1.1,Total,,,,,,,,,,,,
3º Trim 1996,3528407.0,,,,,,C1.1,Total,,,,,,,,,,,,
4º Trim 1996,3626981.0,,,,,,C1.1,Total,,,,,,,,,,,,
1º Trim 1997,3724520.0,0.08768038109055398,,,,,C1.1,Total,,,,,,,,,,,,
2º Trim 1997,3775892.0,0.08956535313921243,,,,,C1.1,Total,,,,,,,,,,,,
3º Trim 1997,3835603.0,0.08706365223739776,,,,,C1.1,Total,,,,,,,,,,,,
4º Trim 1997,3952993.0,0.08988522410235955,,,,,C1.1,Total,,,,,,,,,,,,
1º Trim 1998,4056320.0,0.08908530495204747,,,,,C1.1,Total,,,,,,,,,,,,
2º Trim 1998,4068600.0,0.07752022568442096,,,,,C1.1,Total,,,,,,,,,,,,
3º Trim 1998,4093080.0,0.06712816733118632,,,,,C1.1,Total,,,,,,,,,,,,
4º Trim 1998,4118711.0,0.04192215872884164,,,,,C1.1,Total,,,,,,,,,,,,
1º Trim 1999,4104534.0,0.011886143105080516,,,,,C1.1,Total,,,,,,,,,,,,
2º Trim 1999,4052160.0,-0.004040701961362636,,,,,C1.1,Total,,,,,,,,,,,,
3º Trim 1999,4011805.0,-0.01985668494141335,,,,,C1.1,Total,,,,,,,,,,,,
4º Trim 1999,4024999.0,-0.02275274958597484,,,,,C1.1,Total,,,,,,,,,,,,
1º Trim 2000,4026873.0,-0.01892078369919703,,,,,C1.1,Total,,,,,,,,,,,,
2º Trim 2000,3968410.0,-0.02066798941798942,,,,,C1.1,Total,,,,,,,,,,,,
3º Trim 2000,3970498.0,-0.010296362859112063,,,,,C1.1,Total,,,,,,,,,,,,
4º Trim 2000,4016625.0,-0.0020804974113036723,,,,,C1.1,Total,,,,,,,,,,,,
1º Trim 2001,4036286.0,0.0023375457830430157,,,,,C1.1,Total,,,,,,,,,,,,
2º Trim 2001,3980665.0,0.003088138574391275,,,,,C1.1,Total,,,,,,,,,,,,
3º Trim 2001,3879624.0,-0.022887305320390516,,,,,C1.1,Total,,,,,,,,,,,,
4º Trim 2001,3786138.0,-0.05738325086359819,,,,,C1.1,Total,,,,,,,,,,,,
1º Trim 2002,3609266.0,-0.1057952781344037,,,,,C1.1,Total,,,,,,,,,,,,
2º Trim 2002,3510420.0,-0.11813227186914754,,,,,C1.1,Total,,,,,,,,,,,,
3º Trim 2002,3468591.0,-0.10594660719698612,,,,,C1.1,Total,,,,,,,,,,,,
4º Trim 2002,3506695.0,-0.07380687127621866,,,,,C1.1,Total,,,,,,,,,,,,
1º Trim 2003,3602146.0,-0.001972700266480776,,,,,C1.1,Total,,,,,,,,,,,,
2º Trim 2003,3667862.0,0.044849904000091145,,,,,C1.1,Total,,,,,,,,,,,,
3º Trim 2003,3755439.0,0.08269870964896131,,,,,C1.1,Total,,,,,,,,,,,,
4º Trim 2003,3889824.0,0.10925643661624407,,,,,C1.1,Total,,,,,,,,,,,,
1º Trim 2004,4017843.0,0.1154025961190912,,,,,C1.1,Total,,,,,,,,,,,,
2º Trim 2004,4096556.0,0.1168784430821006,,,,,C1.1,Total,,,,,,,,,,,,
3º Trim 2004,4232210.0,0.12695479809417765,,,,,C1.1,Total,,,,,,,,,,,,
4º Trim 2004,4388417.0,0.1281788070617076,,,,,C1.1,Total,,,,,,,,,,,,
1º Trim 2005,4533917.0,0.12844553657273328,,,,,C1.1,Total,,,,,,,,,,,,
2º Trim 2005,4627561.0,0.12962229736393205,,,,,C1.1,Total,,,,,,,,,,,,
3º Trim 2005,4719712.0,0.11518851852814493,,,,,C1.1,Total,,,,,,,,,,,,
4º Trim 2005,4891408.0,0.11461786790088535,,,,,C1.1,Total,,,,,,,,,,,,
1º Trim 2006,5018558.0,0.10689234055233032,,,,,C1.1,Total,,,,,,,,,,,,
2º Trim 2006,5078209.0,0.09738348127663787,,,,,C1.1,Total,,,,,,,,,,,,
3º Trim 2006,5148909.0,0.09093711650202385,,,,,C1.1,Total,,,,,,,,,,,,
4º Trim 2006,5311095.0,0.08580085734005416,,,,,C1.1,Total,,,,,,,,,,,,
1º Trim 2007,5447266.0,0.08542453828370622,,,,,C1.1,Total,,,,,,,,,,,,
2º Trim 2007,5513327.0,0.08568335805005267,,,,,C1.1,Total,,,,,,,,,,,,
3º Trim 2007,5602874.0,0.0881672214443876,,,,,C1.1,Total,,,,,,,,,,,,
4º Trim 2007,5781334.0,0.08853899242999796,,,,,C1.1,Total,,,,,,,,,,,,
1º Trim 2008,5875617.0,0.07863596159981912,,,,,C1.1,Total,,,,,,,,,,,,
2º Trim 2008,5927474.0,0.07511743816392524,,,,,C1.1,Total,,,,,,,,,,,,
3º Trim 2008,5935084.0,0.05929278438172991,,,,,C1.1,Total,,,,,,,,,,,,
4º Trim 2008,5963564.0,0.031520406881871965,,,,,C1.1,Total,,,,,,,,,,,,
1º Trim 2009,5897399.0,0.0037071851347696416,,,,,C1.1,Total,,,,,,,,,,,,
2º Trim 2009,5802939.0,-0.021009792704278385,,,,,C1.1,Total,,,,,,,,,,,,
3º Trim 2009,5792224.0,-0.024070425961957742,,,,,C1.1,Total,,,,,,,,,,,,
4º Trim 2009,5875724.0,-0.014729447021948672,,,,,C1.1,Total,,,,,,,,,,,,
1º Trim 2010,5943479.0,0.007813614103437727,,,,,C1.1,Total,,,,,,,,,,,,
2º Trim 2010,5945998.0,0.024652852632088607,,,,,C1.1,Total,,,,,,,,,,,,
3º Trim 2010,5980431.0,0.032493045849055546,,,,,C1.1,Total,,,,,,,,,,,,
4º Trim 2010,6103768.0,0.03881121713681579,,,,,C1.1,Total,,,,,,,,,,,,
1º Trim 2011,6217720.0,0.04614149389608335,,,,,C1.1,Total,,,,,,,,,,,,
2º Trim 2011,6245580.0,0.05038380436723999,,,,,C1.1,Total,,,,,,,,,,,,
3º Trim 2011,6283012.0,0.05059518285554998,,,,,C1.1,Total,,,,,,,,,,,,
4º Trim 2011,6383133.0,0.04576926908100054,,,,,C1.1,Total,,,,,,,,,,,,
1º Trim 2012,6409518.0,0.0308469985782569,,,,,C1.1,Total,,,,,,,,,,,,
2º Trim 2012,6344466.0,0.015832957067237974,,,,,C1.1,Total,,,,,,,,,,,,
3º Trim 2012,6321054.0,0.006054739351126548,,,,,C1.1,Total,,,,,,,,,,,,
4º Trim 2012,6394667.0,0.0018069496593600132,,,,,C1.1,Total,,,,,,,,,,,,
1º Trim 2013,6447550.0,0.0059336755119496765,,,,,C1.1,Total,,,,,,,,,,,,
2º Trim 2013,6407854.0,0.009991069382356166,,,,,C1.1,Total,,,,,,,,,,,,
3º Trim 2013,6395267.0,0.011740605285131211,,,,,C1.1,Total,,,,,,,,,,,,
4º Trim 2013,6451855.0,0.008943077098463537,,,,,C1.1,Total,,,,,,,,,,,,
1º Trim 2014,6460668.0,0.0020345712712581676,,,,,C1.1,Total,,,,,,,,,,,,
2º Trim 2014,6401990.0,-0.0009151269676244134,,,,,C1.1,Total,,,,,,,,,,,,
3º Trim 2014,6405283.0,0.0015661582229482551,,,,,C1.1,Total,,,,,,,,,,,,
4º Trim 2014,6479829.0,0.004335807298831096,,,,,C1.1,Total,,,,,,,,,,,,
1º Trim 2015,6558565.0,0.015152767484724494,,,,,C1.1,Total,,,,,,,,,,,,
2º Trim 2015,6569181.0,0.02611547346996801,,,,,C1.1,Total,,,,,,,,,,,,
3º Trim 2015,6588701.0,0.028635424851642055,,,,,C1.1,Total,,,,,,,,,,,,
4º Trim 2015,6616914.0,0.021155650866712783,,,,,C1.1,Total,,,,,,,,,,,,
1º Trim 2016,6613396.0,0.008360212942922773,,,,,C1.1,Total,,,,,,,,,,,,
2º Trim 2016,6525236.0,-0.006689570587261939,,,,,C1.1,Total,,,,,,,,,,,,
3º Trim 2016,6500682.0,-0.013359082465572492,,,,,C1.1,Total,,,,,,,,,,,,
4º Trim 2016,6557746.0,-0.00894193274991939,,,,,C1.1,Total,,,,,,,,,,,,
1º Trim 2017,6616572.0,0.00048023738484737066,,,,,C1.1,Total,,,,,,,,,,,,
2º Trim 2017,6571413.0,0.007076678912456114,,,,,C1.1,Total,,,,,,,,,,,,
3º Trim 2017,6596346.0,0.014715994414124633,,,,,C1.1,Total,,,,,,,,,,,,
4º Trim 2017,6674769.0,0.017845003450880803,,,,,C1.1,Total,,,,,,,,,,,,
1º Trim 2018,6720758.0,0.015746220248188836,,,,,C1.1,Total,,,,,,,,,,,,
2º Trim 2018,6647908.0,0.011640571061353189,,,,,C1.1,Total,,,,,,,,,,,,
3º Trim 2018,6585870.0,-0.001588151985963182,,,,,C1.1,Total,,,,,,,,,,,,
4º Trim 2018,6568160.0,-0.015971938504538485,,,,,C1.1,Total,,,,,,,,,,,,
1º Trim 2019,6575714.0,-0.021581494230263898,,,,,C1.1,Total,,,,,,,,,,,,
2º Trim 2019,6482106.0,-0.02494047751563344,,,,,C1.1,Total,,,,,,,,,,,,
3º Trim 2019,6442693.0,-0.021740028272650425,,,,,C1.1,Total,,,,,,,,,,,,
4º Trim 2019,6404476.0,-0.02492083018684077,,,,,C1.1,Total,,,,,,,,,,,,
1º Trim 2020,6384079.0,-0.02914284289128144,,,,,C1.1,Total,,,,,,,,,,,,
2º Trim 2020,6127188.0,-0.05475350140833857,,,,,C1.1,Total,,,,,,,,,,,,
3º Trim 2020,6105264.0,-0.05237390637734873,,,,,C1.1,Total,,,,,,,,,,,,
4º Trim 2020,6156639.0,-0.038697467208870795,,,,,C1.1,Total,,,,,,,,,,,,
1º Trim 2021,6244100.0,-0.021926263757074405,,,,,C1.1,Total,,,,,,,,,,,,
2º Trim 2021,6246210.0,0.019425224099538063,,,,,C1.1,Total,,,,,,,,,,,,
3º Trim 2021,6270240.0,0.027021927307320448,,,,,C1.1,Total,,,,,,,,,,,,
4º Trim 2021,6377629.0,0.03589458469142004,,,,,C1.1,Total,,,,,,,,,,,,
1º Trim 2022,6510537.0,0.042670200669431946,,,,,C1.1,Total,,,,,,,,,,,,
2º Trim 2022,6538000.0,0.046714727810944545,,,,,C1.1,Total,,,,,,,,,,,,
3º Trim 2022,6603063.0,0.0530797864196586,,,,,C1.1,Total,,,,,,,,,,,,
4º Trim 2022,6685499.0,0.04827342575116855,,,,,C1.1,Total,,,,,,,,,,,,
1º Trim 2023,6786299.0,0.04235626032076922,,,,,C1.1,Total,,,,,,,,,,,,
2º Trim 2023,6777613.0,0.03664928112572663,,,,,C1.1,Total,,,,,,,,,,,,
3º Trim 2023,6806754.0,0.030847956471110383,,,,,C1.1,Total,,,,,,,,,,,,
4º Trim 2023,6798710.0,0.016933814514069834,,,,,C1.1,Total,,,,,,,,,,,,
1º Trim 2024,6756727.0,-0.004357603459558712,,,,,C1.1,Total,,,,,,,,,,,,
2º Trim 2024,6633850.0,-0.021211450107877172,,,,,C1.1,Total,,,,,,,,,,,,
3º Trim 2024*,6625300.0,-0.026657934163626273,,,,,C1.1,Total,,,,,,,,,,,,
1º Trim 1996,3396779.0,,,,,,C1.2,Total,,,,,,,,,,,,
2º Trim 1996,3474153.0,,,,,,C1.2,Total,0.022778638233455828,,,,,,,,,,,
3º Trim 1996,3551981.0,,,,,,C1.2,Total,0.022402007050351447,,,,,,,,,,,
4º Trim 1996,3620382.0,,,,,,C1.2,Total,0.019257141296645353,,,,,,,,,,,
1º Trim 1997,3701956.0,,,,,,C1.2,Total,0.02253187647049404,0.0898430542581663,,,,,,,,,,
2º Trim 1997,3781908.0,,,,,,C1.2,Total,0.02159723130150648,0.08858418152568404,,,,,,,,,,
3º Trim 1997,3859484.0,,,,,,C1.2,Total,0.020512397445945352,0.08657225362410448,,,,,,,,,,
4º Trim 1997,3946028.0,,,,,,C1.2,Total,0.022423722964002524,0.08994796681676132,,,,,,,,,,
1º Trim 1998,4030186.0,,,,,,C1.2,Total,0.02132726883843694,0.08866393873941236,,,,,,,,,,
2º Trim 1998,4079015.0,,,,,,C1.2,Total,0.012115817979616805,0.07856008131345349,,,,,,,,,,
3º Trim 1998,4116201.0,,,,,,C1.2,Total,0.009116416585867038,0.06651588657965668,,,,,,,,,,
4º Trim 1998,4111078.0,,,,,,C1.2,Total,-0.0012445942265696397,0.04182686995632068,,,,,,,,,,
1º Trim 1999,4081373.0,,,,,,C1.2,Total,-0.007225598735903338,0.01270090263824053,,,,,,,,,,
2º Trim 1999,4061023.0,,,,,,C1.2,Total,-0.004986067188664234,-0.0044108688004333985,,,,,,,,,,
3º Trim 1999,4033684.0,,,,,,C1.2,Total,-0.006732047565354837,-0.020046883036081042,,,,,,,,,,
4º Trim 1999,4017348.0,,,,,,C1.2,Total,-0.004049895827238803,-0.022799372816570296,,,,,,,,,,
1º Trim 2000,4000269.0,,,,,,C1.2,Total,-0.004251312059597501,-0.019871744141003567,,,,,,,,,,
2º Trim 2000,3978773.0,,,,,,C1.2,Total,-0.005373638622802601,-0.02025351740189607,,,,,,,,,,
3º Trim 2000,3991259.0,,,,,,C1.2,Total,0.0031381533955316954,-0.01051768061156999,,,,,,,,,,
4º Trim 2000,4010779.0,,,,,,C1.2,Total,0.004890687374585312,-0.001635158318373242,,,,,,,,,,
1º Trim 2001,4013267.0,,,,,,C1.2,Total,0.000620328370124712,0.0032492814858200436,,,,,,,,,,
2º Trim 2001,3989572.0,,,,,,C1.2,Total,-0.005904167352932199,0.0027141533332009082,,,,,,,,,,
3º Trim 2001,3899640.0,,,,,,C1.2,Total,-0.022541766384965634,-0.02295491222193302,,,,,,,,,,
4º Trim 2001,3780605.0,,,,,,C1.2,Total,-0.030524612528335937,-0.05738885139270955,,,,,,,,,,
1º Trim 2002,3590887.0,,,,,,C1.2,Total,-0.0501819153283668,-0.10524592557634471,,,,,,,,,,
2º Trim 2002,3515727.0,,,,,,C1.2,Total,-0.02093076167531871,-0.11877088569901739,,,,,,,,,,
3º Trim 2002,3488167.0,,,,,,C1.2,Total,-0.007839061451585971,-0.10551563734088276,,,,,,,,,,
4º Trim 2002,3500873.0,,,,,,C1.2,Total,0.003642600827311382,-0.07399133207515729,,,,,,,,,,
1º Trim 2003,3579941.0,,,,,,C1.2,Total,0.022585223742763505,-0.003048271917217127,,,,,,,,,,
2º Trim 2003,3675875.0,,,,,,C1.2,Total,0.026797648341131852,0.04555188727679926,,,,,,,,,,
3º Trim 2003,3777914.0,,,,,,C1.2,Total,0.027759104975005888,0.08306569037548939,,,,,,,,,,
4º Trim 2003,3882368.0,,,,,,C1.2,Total,0.027648591259621158,0.108971390850225,,,,,,,,,,
1º Trim 2004,3990681.0,,,,,,C1.2,Total,0.027898694817183767,0.1147337344386401,,,,,,,,,,
2º Trim 2004,4104943.0,,,,,,C1.2,Total,0.028632205881652828,0.11672540551569344,,,,,,,,,,
3º Trim 2004,4258642.0,,,,,,C1.2,Total,0.037442420028731105,0.12724694103677314,,,,,,,,,,
4º Trim 2004,4378624.0,,,,,,C1.2,Total,0.028173769948260485,0.1278230193531371,,,,,,,,,,
1º Trim 2005,4511063.0,,,,,,C1.2,Total,0.03024671677677726,0.13039929776396564,,,,,,,,,,
2º Trim 2005,4632880.0,,,,,,C1.2,Total,0.027004056471833904,0.12861006839802647,,,,,,,,,,
3º Trim 2005,4750549.0,,,,,,C1.2,Total,0.025398672100291897,0.1155079483084045,,,,,,,,,,
4º Trim 2005,4879220.0,,,,,,C1.2,Total,0.02708550106524532,0.11432724070392886,,,,,,,,,,
1º Trim 2006,4989899.0,,,,,,C1.2,Total,0.02268374863195355,0.10614704339088155,,,,,,,,,,
2º Trim 2006,5088322.0,,,,,,C1.2,Total,0.01972444732849299,0.09830645300547403,,,,,,,,,,
3º Trim 2006,5182755.0,,,,,,C1.2,Total,0.018558770455171736,0.09098022144387952,,,,,,,,,,
4º Trim 2006,5296317.0,,,,,,C1.2,Total,0.02191151231343169,0.08548436020511474,,,,,,,,,,
1º Trim 2007,5418214.0,,,,,,C1.2,Total,0.023015427513118913,0.08583640670883308,,,,,,,,,,
2º Trim 2007,5524709.0,,,,,,C1.2,Total,0.01965500070687498,0.08576245764320722,,,,,,,,,,
3º Trim 2007,5637738.0,,,,,,C1.2,Total,0.020458815115873108,0.08778786572006592,,,,,,,,,,
4º Trim 2007,5764241.0,,,,,,C1.2,Total,0.022438609243636387,0.08834894134924332,,,,,,,,,,
1º Trim 2008,5846575.0,,,,,,C1.2,Total,0.014283580440165533,0.0790594465261063,,,,,,,,,,
2º Trim 2008,5937081.0,,,,,,C1.2,Total,0.015480174290075865,0.07464139740210762,,,,,,,,,,
3º Trim 2008,5969950.0,,,,,,C1.2,Total,0.005536222261411039,0.058926470155229005,,,,,,,,,,
4º Trim 2008,5945857.0,,,,,,C1.2,Total,-0.004035712191894358,0.03150735716983388,,,,,,,,,,
1º Trim 2009,5866207.0,,,,,,C1.2,Total,-0.0133958822084016,0.0033578633644484324,,,,,,,,,,
2º Trim 2009,5817998.0,,,,,,C1.2,Total,-0.008218087087618953,-0.02005749963660597,,,,,,,,,,
3º Trim 2009,5827591.0,,,,,,C1.2,Total,0.0016488489683221808,-0.023845928357858925,,,,,,,,,,
4º Trim 2009,5858242.0,,,,,,C1.2,Total,0.005259634727282636,-0.014735470429241726,,,,,,,,,,
1º Trim 2010,5911128.0,,,,,,C1.2,Total,0.00902762296265669,0.007657588625836098,,,,,,,,,,
2º Trim 2010,5960477.0,,,,,,C1.2,Total,0.008348491184761997,0.02448935183545964,,,,,,,,,,
3º Trim 2010,6017356.0,,,,,,C1.2,Total,0.009542692640203132,0.0325631980693224,,,,,,,,,,
4º Trim 2010,6086658.0,,,,,,C1.2,Total,0.01151701843799846,0.03899053675146913,,,,,,,,,,
1º Trim 2011,6180629.0,,,,,,C1.2,Total,0.015438850022458928,0.04559214417282109,,,,,,,,,,
2º Trim 2011,6262386.0,,,,,,C1.2,Total,0.013227941686841271,0.05065181863800494,,,,,,,,,,
3º Trim 2011,6321598.0,,,,,,C1.2,Total,0.009455182098324855,0.050560744619397635,,,,,,,,,,
4º Trim 2011,6367111.0,,,,,,C1.2,Total,0.007199603644521435,0.04607668116066321,,,,,,,,,,
1º Trim 2012,6367852.0,,,,,,C1.2,Total,0.00011637931237573618,0.030291900711076458,,,,,,,,,,
2º Trim 2012,6362002.0,,,,,,C1.2,Total,-0.000918677130058887,0.01590703607219357,,,,,,,,,,
3º Trim 2012,6359183.0,,,,,,C1.2,Total,-0.0004430995149011796,0.005945490364936301,,,,,,,,,,
4º Trim 2012,6378849.0,,,,,,C1.2,Total,0.003092535629183768,0.0018435362600086602,,,,,,,,,,
1º Trim 2013,6412287.0,,,,,,C1.2,Total,0.005242011529039248,0.006978020217806469,,,,,,,,,,
2º Trim 2013,6422640.0,,,,,,C1.2,Total,0.0016145565536913598,0.009531276475549744,,,,,,,,,,
3º Trim 2013,6430372.0,,,,,,C1.2,Total,0.0012038663228828295,0.011194677052067892,,,,,,,,,,
4º Trim 2013,6437706.0,,,,,,C1.2,Total,0.0011405249960656505,0.009226899711844538,,,,,,,,,,
1º Trim 2014,6422084.0,,,,,,C1.2,Total,-0.0024266407940964907,0.0015278480205267453,,,,,,,,,,
2º Trim 2014,6421179.0,,,,,,C1.2,Total,-0.0001409199879665035,-0.0002274765516984134,,,,,,,,,,
3º Trim 2014,6438284.0,,,,,,C1.2,Total,0.0026638410173582816,0.00123041093112497,,,,,,,,,,
4º Trim 2014,6467597.0,,,,,,C1.2,Total,0.004552921244232122,0.004643113556288547,,,,,,,,,,
1º Trim 2015,6520599.0,,,,,,C1.2,Total,0.008195006584362119,0.015340036038145932,,,,,,,,,,
2º Trim 2015,6587455.0,,,,,,C1.2,Total,0.010253045770795,0.025894933002179155,,,,,,,,,,
3º Trim 2015,6620148.0,,,,,,C1.2,Total,0.0049629181527615085,0.028247278312047097,,,,,,,,,,
4º Trim 2015,6606332.0,,,,,,C1.2,Total,-0.002086962406278481,0.021450779941916576,,,,,,,,,,
1º Trim 2016,6573933.0,,,,,,C1.2,Total,-0.004904234301273402,0.008179309906958032,,,,,,,,,,
2º Trim 2016,6541669.0,,,,,,C1.2,Total,-0.004907868698996509,-0.006950483912224081,,,,,,,,,,
3º Trim 2016,6531339.0,,,,,,C1.2,Total,-0.0015791077170062007,-0.013414956886160234,,,,,,,,,,
4º Trim 2016,6549019.0,,,,,,C1.2,Total,0.002706948758899319,-0.008675464690542367,,,,,,,,,,
1º Trim 2017,6574716.0,,,,,,C1.2,Total,0.003923793777358187,0.00011910678128290719,,,,,,,,,,
2º Trim 2017,6592012.0,,,,,,C1.2,Total,0.002630683971748704,0.007695742477951795,,,,,,,,,,
3º Trim 2017,6626401.0,,,,,,C1.2,Total,0.005216768416076878,0.014554749033850456,,,,,,,,,,
4º Trim 2017,6668132.0,,,,,,C1.2,Total,0.006297687085342396,0.01818791486175253,,,,,,,,,,
1º Trim 2018,6681653.0,,,,,,C1.2,Total,0.002027704310592515,0.01626488505359025,,,,,,,,,,
2º Trim 2018,6664543.0,,,,,,C1.2,Total,-0.002560743576477287,0.011002862252071033,,,,,,,,,,
3º Trim 2018,6614572.0,,,,,,C1.2,Total,-0.0074980385001641725,-0.0017851319290819179,,,,,,,,,,
4º Trim 2018,6563677.0,,,,,,C1.2,Total,-0.007694375388158092,-0.0156648068754488,,,,,,,,,,
1º Trim 2019,6532967.0,,,,,,C1.2,Total,-0.004678779897304475,-0.022252876645943775,,,,,,,,,,
2º Trim 2019,6501724.0,,,,,,C1.2,Total,-0.004782359990491258,-0.02443063237794396,,,,,,,,,,
3º Trim 2019,6469133.0,,,,,,C1.2,Total,-0.005012670485551207,-0.021987666019812058,,,,,,,,,,
4º Trim 2019,6402707.0,,,,,,C1.2,Total,-0.01026814566959744,-0.024524363401794425,,,,,,,,,,
1º Trim 2020,6338470.0,,,,,,C1.2,Total,-0.010032787694329914,-0.029771618316761783,,,,,,,,,,
2º Trim 2020,6145726.0,,,,,,C1.2,Total,-0.03040860018269398,-0.05475440052515301,,,,,,,,,,
3º Trim 2020,6129919.0,,,,,,C1.2,Total,-0.0025720313596798716,-0.052435774623894704,,,,,,,,,,
4º Trim 2020,6156486.0,,,,,,C1.2,Total,0.004333988752543094,-0.038455765662867236,,,,,,,,,,
1º Trim 2021,6203798.0,,,,,,C1.2,Total,0.0076849033685775225,-0.021246767753101303,,,,,,,,,,
2º Trim 2021,6263412.0,,,,,,C1.2,Total,0.009609274834544879,0.019149242904743957,,,,,,,,,,
3º Trim 2021,6293430.0,,,,,,C1.2,Total,0.00479259547352151,0.026674251323712372,,,,,,,,,,
4º Trim 2021,6377287.0,,,,,,C1.2,Total,0.013324530502444532,0.03586477740711169,,,,,,,,,,
1º Trim 2022,6469876.0,,,,,,C1.2,Total,0.01451855624499876,0.0428895331537229,,,,,,,,,,
2º Trim 2022,6558101.0,,,,,,C1.2,Total,0.013636273709109803,0.04704927601760822,,,,,,,,,,
3º Trim 2022,6624372.0,,,,,,C1.2,Total,0.010105211859347651,0.05258531516200238,,,,,,,,,,
4º Trim 2022,6683917.0,,,,,,C1.2,Total,0.008988776596483339,0.048081574500253854,,,,,,,,,,
1º Trim 2023,6747028.0,,,,,,C1.2,Total,0.009442217789359164,0.042837297036295574,,,,,,,,,,
2º Trim 2023,6799577.0,,,,,,C1.2,Total,0.0077884662698894935,0.036821024866802166,,,,,,,,,,
3º Trim 2023,6827054.0,,,,,,C1.2,Total,0.004040986667258828,0.030596409742689623,,,,,,,,,,
4º Trim 2023,6795056.0,,,,,,C1.2,Total,-0.004686941102267528,0.01662782467226931,,,,,,,,,,
1º Trim 2024,6720126.0,,,,,,C1.2,Total,-0.011027135022875445,-0.003987237047185843,,,,,,,,,,
2º Trim 2024,6653292.0,,,,,,C1.2,Total,-0.009945349238987489,-0.021513838287293474,,,,,,,,,,
3º Trim 2024*,6645058.843936479,,,,,,C1.2,Total,-0.0012374559937428087,-0.026657934163626273,,,,,,,,,,
1º Trim 1996,,,,,,,C2.1,Grandes divisiones,,,242363.0,33052.0,884282.0,44277.0,182266.0,520178.0,1517860.0,3424278.0,,
2º Trim 1996,,,,,,,C2.1,Grandes divisiones,,,245658.0,33732.0,892050.0,44639.0,186361.0,527860.0,1535203.0,3465503.0,,
3º Trim 1996,,,,,,,C2.1,Grandes divisiones,,,241170.0,34170.0,898198.0,45254.0,202370.0,536994.0,1570251.0,3528407.0,,
4º Trim 1996,,,,,,,C2.1,Grandes divisiones,,,247030.0,36234.0,912318.0,44488.0,216490.0,552783.0,1617638.0,3626981.0,,
1º Trim 1997,,,,,,,C2.1,Grandes divisiones,,,268980.0,35707.0,923616.0,44709.0,232424.0,563901.0,1655183.0,3724520.0,,
2º Trim 1997,,,,,,,C2.1,Grandes divisiones,,,268271.0,37067.0,934635.0,45016.0,236270.0,571603.0,1683030.0,3775892.0,,
3º Trim 1997,,,,,,,C2.1,Grandes divisiones,,,255849.0,37630.0,934990.0,47387.0,246182.0,581901.0,1731664.0,3835603.0,,
4º Trim 1997,,,,,,,C2.1,Grandes divisiones,,,260015.0,37678.0,948585.0,47626.0,256015.0,599984.0,1803090.0,3952993.0,,
1º Trim 1998,,,,,,,C2.1,Grandes divisiones,,,280992.0,38583.0,954011.0,47983.0,260297.0,612061.0,1862393.0,4056320.0,,
2º Trim 1998,,,,,,,C2.1,Grandes divisiones,,,267630.0,39071.0,956073.0,47999.0,261152.0,617944.0,1878731.0,4068600.0,,
3º Trim 1998,,,,,,,C2.1,Grandes divisiones,,,261521.0,38891.0,949006.0,49013.0,268986.0,621745.0,1903918.0,4093080.0,,
4º Trim 1998,,,,,,,C2.1,Grandes divisiones,,,262676.0,37144.0,943114.0,48348.0,275414.0,628976.0,1923039.0,4118711.0,,
1º Trim 1999,,,,,,,C2.1,Grandes divisiones,,,278661.0,35422.0,929183.0,48240.0,274926.0,628543.0,1909559.0,4104534.0,,
2º Trim 1999,,,,,,,C2.1,Grandes divisiones,,,263926.0,34764.0,907128.0,48213.0,272491.0,622727.0,1902911.0,4052160.0,,
3º Trim 1999,,,,,,,C2.1,Grandes divisiones,,,253656.0,35002.0,887976.0,49240.0,267604.0,616282.0,1902045.0,4011805.0,,
4º Trim 1999,,,,,,,C2.1,Grandes divisiones,,,253928.0,35754.0,882374.0,49200.0,260113.0,620054.0,1923576.0,4024999.0,,
1º Trim 2000,,,,,,,C2.1,Grandes divisiones,,,267916.0,36584.0,876787.0,48749.0,244685.0,625346.0,1926806.0,4026873.0,,
2º Trim 2000,,,,,,,C2.1,Grandes divisiones,,,258186.0,36922.0,858663.0,48886.0,226359.0,619489.0,1919905.0,3968410.0,,
3º Trim 2000,,,,,,,C2.1,Grandes divisiones,,,254156.0,36911.0,850289.0,48376.0,223959.0,623845.0,1932962.0,3970498.0,,
4º Trim 2000,,,,,,,C2.1,Grandes divisiones,,,254178.0,36694.0,848137.0,48906.0,230559.0,636292.0,1961859.0,4016625.0,,
1º Trim 2001,,,,,,,C2.1,Grandes divisiones,,,269434.0,37775.0,845279.0,48923.0,227518.0,643317.0,1964040.0,4036286.0,,
2º Trim 2001,,,,,,,C2.1,Grandes divisiones,,,264148.0,38308.0,829442.0,48808.0,217531.0,635707.0,1946721.0,3980665.0,,
3º Trim 2001,,,,,,,C2.1,Grandes divisiones,,,248767.0,37431.0,807285.0,49064.0,199686.0,623654.0,1913737.0,3879624.0,,
4º Trim 2001,,,,,,,C2.1,Grandes divisiones,,,239993.0,37022.0,781115.0,48668.0,179609.0,610612.0,1889119.0,3786138.0,,
1º Trim 2002,,,,,,,C2.1,Grandes divisiones,,,248276.0,36216.0,744577.0,47792.0,137835.0,583308.0,1811262.0,3609266.0,,
2º Trim 2002,,,,,,,C2.1,Grandes divisiones,,,244282.0,34791.0,730679.0,46131.0,118101.0,563763.0,1772673.0,3510420.0,,
3º Trim 2002,,,,,,,C2.1,Grandes divisiones,,,239053.0,34535.0,725283.0,45970.0,114440.0,553954.0,1755356.0,3468591.0,,
4º Trim 2002,,,,,,,C2.1,Grandes divisiones,,,239528.0,35399.0,733821.0,45880.0,123726.0,557661.0,1770680.0,3506695.0,,
1º Trim 2003,,,,,,,C2.1,Grandes divisiones,,,259834.0,36765.0,757028.0,45893.0,136691.0,567939.0,1797996.0,3602146.0,,
2º Trim 2003,,,,,,,C2.1,Grandes divisiones,,,262414.0,38136.0,773084.0,46068.0,148789.0,574004.0,1825367.0,3667862.0,,
3º Trim 2003,,,,,,,C2.1,Grandes divisiones,,,259235.0,39320.0,796014.0,46363.0,163165.0,594536.0,1856806.0,3755439.0,,
4º Trim 2003,,,,,,,C2.1,Grandes divisiones,,,261478.0,40422.0,824545.0,46505.0,181935.0,619348.0,1915591.0,3889824.0,,
1º Trim 2004,,,,,,,C2.1,Grandes divisiones,,,285759.0,42352.0,857421.0,47501.0,194757.0,640982.0,1949071.0,4017843.0,,
2º Trim 2004,,,,,,,C2.1,Grandes divisiones,,,288633.0,43406.0,874212.0,47906.0,204348.0,652563.0,1985488.0,4096556.0,,
3º Trim 2004,,,,,,,C2.1,Grandes divisiones,,,284136.0,44799.0,896450.0,48228.0,218614.0,681825.0,2058158.0,4232210.0,,
4º Trim 2004,,,,,,,C2.1,Grandes divisiones,,,287395.0,46536.0,924967.0,48760.0,239853.0,711745.0,2129161.0,4388417.0,,
1º Trim 2005,,,,,,,C2.1,Grandes divisiones,,,312301.0,48254.0,950471.0,48924.0,260936.0,733127.0,2179904.0,4533917.0,,
2º Trim 2005,,,,,,,C2.1,Grandes divisiones,,,314760.0,50610.0,967347.0,49560.0,282323.0,745844.0,2217117.0,4627561.0,,
3º Trim 2005,,,,,,,C2.1,Grandes divisiones,,,305910.0,51466.0,983077.0,49638.0,302773.0,762952.0,2263896.0,4719712.0,,
4º Trim 2005,,,,,,,C2.1,Grandes divisiones,,,311190.0,52684.0,1010893.0,50454.0,329801.0,791458.0,2344928.0,4891408.0,,
1º Trim 2006,,,,,,,C2.1,Grandes divisiones,,,334671.0,54880.0,1035402.0,51752.0,342454.0,812787.0,2386612.0,5018558.0,,
2º Trim 2006,,,,,,,C2.1,Grandes divisiones,,,332178.0,55641.0,1049942.0,51168.0,355865.0,819481.0,2413934.0,5078209.0,,
3º Trim 2006,,,,,,,C2.1,Grandes divisiones,,,321505.0,56782.0,1063773.0,51732.0,362932.0,836668.0,2455517.0,5148909.0,,
4º Trim 2006,,,,,,,C2.1,Grandes divisiones,,,327577.0,58901.0,1086738.0,52090.0,383999.0,866297.0,2535493.0,5311095.0,,
1º Trim 2007,,,,,,,C2.1,Grandes divisiones,,,348591.0,61241.0,1109295.0,52458.0,402135.0,895042.0,2578504.0,5447266.0,,
2º Trim 2007,,,,,,,C2.1,Grandes divisiones,,,345149.0,62707.0,1123138.0,52764.0,420690.0,902092.0,2606787.0,5513327.0,,
3º Trim 2007,,,,,,,C2.1,Grandes divisiones,,,332665.0,64649.0,1140625.0,52775.0,430619.0,923826.0,2657715.0,5602874.0,,
4º Trim 2007,,,,,,,C2.1,Grandes divisiones,,,344780.0,66607.0,1165080.0,53201.0,433660.0,967148.0,2750858.0,5781334.0,,
1º Trim 2008,,,,,,,C2.1,Grandes divisiones,,,362457.0,68479.0,1188300.0,53795.0,431007.0,983261.0,2788318.0,5875617.0,,
2º Trim 2008,,,,,,,C2.1,Grandes divisiones,,,366001.0,69564.0,1203506.0,54217.0,437104.0,991547.0,2805535.0,5927474.0,,
3º Trim 2008,,,,,,,C2.1,Grandes divisiones,,,350629.0,70540.0,1208069.0,54365.0,427220.0,1003998.0,2820263.0,5935084.0,,
4º Trim 2008,,,,,,,C2.1,Grandes divisiones,,,360767.0,70807.0,1203538.0,54399.0,418769.0,1014350.0,2840934.0,5963564.0,,
1º Trim 2009,,,,,,,C2.1,Grandes divisiones,,,365950.0,69550.0,1187356.0,54550.0,399967.0,1013554.0,2806472.0,5897399.0,,
2º Trim 2009,,,,,,,C2.1,Grandes divisiones,,,351772.0,68352.0,1167980.0,55578.0,397862.0,997371.0,2764024.0,5802939.0,,
3º Trim 2009,,,,,,,C2.1,Grandes divisiones,,,339940.0,67962.0,1166466.0,55929.0,394233.0,998420.0,2769274.0,5792224.0,,
4º Trim 2009,,,,,,,C2.1,Grandes divisiones,,,352196.0,68057.0,1177109.0,56282.0,391474.0,1015752.0,2814854.0,5875724.0,,
1º Trim 2010,,,,,,,C2.1,Grandes divisiones,,,360093.0,68999.0,1189136.0,56399.0,387619.0,1031306.0,2849927.0,5943479.0,,
2º Trim 2010,,,,,,,C2.1,Grandes divisiones,,,352488.0,69651.0,1198256.0,56633.0,393874.0,1027044.0,2848052.0,5945998.0,,
3º Trim 2010,,,,,,,C2.1,Grandes divisiones,,,337762.0,70741.0,1205362.0,57488.0,399773.0,1036722.0,2872583.0,5980431.0,,
4º Trim 2010,,,,,,,C2.1,Grandes divisiones,,,351888.0,71928.0,1218589.0,57592.0,414930.0,1060786.0,2928055.0,6103768.0,,
1º Trim 2011,,,,,,,C2.1,Grandes divisiones,,,371615.0,73074.0,1238823.0,58347.0,424520.0,1078372.0,2972969.0,6217720.0,,
2º Trim 2011,,,,,,,C2.1,Grandes divisiones,,,371402.0,73662.0,1251758.0,58990.0,438765.0,1074839.0,2976164.0,6245580.0,,
3º Trim 2011,,,,,,,C2.1,Grandes divisiones,,,354399.0,74813.0,1261346.0,59532.0,444826.0,1084593.0,3003503.0,6283012.0,,
4º Trim 2011,,,,,,,C2.1,Grandes divisiones,,,365544.0,76151.0,1275313.0,60230.0,452687.0,1106109.0,3047099.0,6383133.0,,
1º Trim 2012,,,,,,,C2.1,Grandes divisiones,,,371485.0,77344.0,1277582.0,60401.0,441096.0,1113576.0,3068034.0,6409518.0,,
2º Trim 2012,,,,,,,C2.1,Grandes divisiones,,,360179.0,77789.0,1273139.0,60999.0,436508.0,1099841.0,3036011.0,6344466.0,,
3º Trim 2012,,,,,,,C2.1,Grandes divisiones,,,347569.0,78205.0,1271066.0,61118.0,426424.0,1099886.0,3036786.0,6321054.0,,
4º Trim 2012,,,,,,,C2.1,Grandes divisiones,,,356722.0,78781.0,1282582.0,61923.0,424175.0,1116626.0,3073858.0,6394667.0,,
1º Trim 2013,,,,,,,C2.1,Grandes divisiones,,,374495.0,79800.0,1293072.0,62768.0,421600.0,1126511.0,3089304.0,6447550.0,,
2º Trim 2013,,,,,,,C2.1,Grandes divisiones,,,366799.0,80390.0,1290684.0,63345.0,430923.0,1111624.0,3064089.0,6407854.0,,
3º Trim 2013,,,,,,,C2.1,Grandes divisiones,,,344304.0,81428.0,1288510.0,64261.0,432100.0,1113712.0,3070952.0,6395267.0,,
4º Trim 2013,,,,,,,C2.1,Grandes divisiones,,,345355.0,83185.0,1293755.0,65047.0,433901.0,1128048.0,3102564.0,6451855.0,,
1º Trim 2014,,,,,,,C2.1,Grandes divisiones,,,361895.0,85401.0,1289801.0,65802.0,420784.0,1134998.0,3101987.0,6460668.0,,
2º Trim 2014,,,,,,,C2.1,Grandes divisiones,,,355567.0,86531.0,1280497.0,66617.0,423320.0,1117558.0,3071900.0,6401990.0,,
3º Trim 2014,,,,,,,C2.1,Grandes divisiones,,,350818.0,87803.0,1275184.0,67227.0,429957.0,1118274.0,3076020.0,6405283.0,,
4º Trim 2014,,,,,,,C2.1,Grandes divisiones,,,361000.0,89616.0,1277443.0,68163.0,438756.0,1129026.0,3115825.0,6479829.0,,
1º Trim 2015,,,,,,,C2.1,Grandes divisiones,,,375078.0,91217.0,1285911.0,68729.0,443999.0,1142994.0,3150637.0,6558565.0,,
2º Trim 2015,,,,,,,C2.1,Grandes divisiones,,,363892.0,90883.0,1293587.0,69564.0,462999.0,1138251.0,3150005.0,6569181.0,,
3º Trim 2015,,,,,,,C2.1,Grandes divisiones,,,348487.0,90420.0,1297372.0,70365.0,468268.0,1145022.0,3168767.0,6588701.0,,
4º Trim 2015,,,,,,,C2.1,Grandes divisiones,,,348005.0,89378.0,1297211.0,70691.0,452338.0,1157741.0,3201550.0,6616914.0,,
1º Trim 2016,,,,,,,C2.1,Grandes divisiones,,,360788.0,88101.0,1294001.0,70975.0,418658.0,1170537.0,3210336.0,6613396.0,,
2º Trim 2016,,,,,,,C2.1,Grandes divisiones,,,349308.0,85735.0,1276590.0,70993.0,412965.0,1157442.0,3172203.0,6525236.0,,
3º Trim 2016,,,,,,,C2.1,Grandes divisiones,,,345033.0,84523.0,1263596.0,71342.0,417391.0,1159093.0,3159704.0,6500682.0,,
4º Trim 2016,,,,,,,C2.1,Grandes divisiones,,,357917.0,83917.0,1258150.0,71669.0,425729.0,1171289.0,3189075.0,6557746.0,,
1º Trim 2017,,,,,,,C2.1,Grandes divisiones,,,370372.0,82478.0,1259441.0,72458.0,433064.0,1180196.0,3218563.0,6616572.0,,
2º Trim 2017,,,,,,,C2.1,Grandes divisiones,,,355772.0,81097.0,1248934.0,72758.0,447822.0,1169907.0,3195123.0,6571413.0,,
3º Trim 2017,,,,,,,C2.1,Grandes divisiones,,,349008.0,81033.0,1241237.0,73336.0,464141.0,1175185.0,3212406.0,6596346.0,,
4º Trim 2017,,,,,,,C2.1,Grandes divisiones,,,359618.0,81186.0,1243943.0,73950.0,475733.0,1191266.0,3249073.0,6674769.0,,
1º Trim 2018,,,,,,,C2.1,Grandes divisiones,,,373990.0,81493.0,1247541.0,74313.0,474194.0,1201779.0,3267448.0,6720758.0,,
2º Trim 2018,,,,,,,C2.1,Grandes divisiones,,,359921.0,84806.0,1231816.0,74213.0,475903.0,1186243.0,3235006.0,6647908.0,,
3º Trim 2018,,,,,,,C2.1,Grandes divisiones,,,357203.0,85153.0,1210188.0,74058.0,470659.0,1176707.0,3211902.0,6585870.0,,
4º Trim 2018,,,,,,,C2.1,Grandes divisiones,,,370902.0,86488.0,1191746.0,74010.0,462693.0,1165829.0,3216492.0,6568160.0,,
1º Trim 2019,,,,,,,C2.1,Grandes divisiones,,,379271.0,87967.0,1187362.0,74144.0,467355.0,1163210.0,3216405.0,6575714.0,,
2º Trim 2019,,,,,,,C2.1,Grandes divisiones,,,370196.0,89156.0,1171271.0,74216.0,465001.0,1142323.0,3169943.0,6482106.0,,
3º Trim 2019,,,,,,,C2.1,Grandes divisiones,,,361370.0,90088.0,1160372.0,74311.0,455031.0,1136649.0,3164872.0,6442693.0,,
4º Trim 2019,,,,,,,C2.1,Grandes divisiones,,,363815.0,89758.0,1145525.0,74145.0,424508.0,1133057.0,3173668.0,6404476.0,,
1º Trim 2020,,,,,,,C2.1,Grandes divisiones,,,374419.0,88939.0,1147976.0,73776.0,391147.0,1137548.0,3170274.0,6384079.0,,
2º Trim 2020,,,,,,,C2.1,Grandes divisiones,,,359054.0,86623.0,1131542.0,73509.0,334682.0,1105342.0,3036436.0,6127188.0,,
3º Trim 2020,,,,,,,C2.1,Grandes divisiones,,,350693.0,83946.0,1138305.0,73623.0,332733.0,1101772.0,3024192.0,6105264.0,,
4º Trim 2020,,,,,,,C2.1,Grandes divisiones,,,351918.0,82507.0,1149886.0,73731.0,349346.0,1106773.0,3042478.0,6156639.0,,
1º Trim 2021,,,,,,,C2.1,Grandes divisiones,,,370923.0,84172.0,1168836.0,74040.0,361698.0,1118374.0,3066057.0,6244100.0,,
2º Trim 2021,,,,,,,C2.1,Grandes divisiones,,,367418.0,84813.0,1174308.0,74124.0,376900.0,1115050.0,3053597.0,6246210.0,,
3º Trim 2021,,,,,,,C2.1,Grandes divisiones,,,360919.0,85473.0,1176510.0,74158.0,394978.0,1118586.0,3059616.0,6270240.0,,
4º Trim 2021,,,,,,,C2.1,Grandes divisiones,,,357557.0,86370.0,1186606.0,74295.0,411825.0,1138536.0,3122440.0,6377629.0,,
1º Trim 2022,,,,,,,C2.1,Grandes divisiones,,,371182.0,88104.0,1210905.0,74436.0,421810.0,1166719.0,3177381.0,6510537.0,,
2º Trim 2022,,,,,,,C2.1,Grandes divisiones,,,359698.0,89264.0,1221128.0,74550.0,440693.0,1173781.0,3178886.0,6538000.0,,
3º Trim 2022,,,,,,,C2.1,Grandes divisiones,,,350022.0,91171.0,1232126.0,75007.0,457686.0,1190417.0,3206634.0,6603063.0,,
4º Trim 2022,,,,,,,C2.1,Grandes divisiones,,,348170.0,93038.0,1240793.0,75518.0,471435.0,1212001.0,3244544.0,6685499.0,,
1º Trim 2023,,,,,,,C2.1,Grandes divisiones,,,365314.0,94941.0,1262058.0,75832.0,477357.0,1236748.0,3274049.0,6786299.0,,
2º Trim 2023,,,,,,,C2.1,Grandes divisiones,,,354516.0,96170.0,1263649.0,75843.0,487501.0,1239439.0,3260495.0,6777613.0,,
3º Trim 2023,,,,,,,C2.1,Grandes divisiones,,,349804.0,97697.0,1269374.0,76255.0,485211.0,1254996.0,3273417.0,6806754.0,,
4º Trim 2023,,,,,,,C2.1,Grandes divisiones,,,344986.0,98731.0,1265003.0,76896.0,459160.0,1265639.0,3288295.0,6798710.0,,
1º Trim 2024,,,,,,,C2.1,Grandes divisiones,,,369040.0,100146.0,1262052.0,77008.0,408140.0,1266968.0,3273373.0,6756727.0,,
2º Trim 2024,,,,,,,C2.1,Grandes divisiones,,,365869.0,99812.0,1237567.0,76417.0,387607.0,1250038.0,3216540.0,6633850.0,,
1º Trim 1996,,,,,,,C2.2,Grandes divisiones,,,232639.0,,879184.0,,180367.0,517374.0,1509886.0,3396779.0,33052.0,44277.0
2º Trim 1996,,,,,,,C2.2,Grandes divisiones,,,242491.0,,891385.0,,189698.0,529241.0,1542967.0,3474153.0,33732.0,44639.0
3º Trim 1996,,,,,,,C2.2,Grandes divisiones,,,249134.0,,902474.0,,203180.0,540335.0,1577434.0,3551981.0,34170.0,45254.0
4º Trim 1996,,,,,,,C2.2,Grandes divisiones,,,252904.0,,911309.0,,214158.0,550875.0,1610414.0,3620382.0,36234.0,44488.0
1º Trim 1997,,,,,,,C2.2,Grandes divisiones,,,258669.0,,922718.0,,230678.0,561835.0,1647640.0,3701956.0,35707.0,44709.0
2º Trim 1997,,,,,,,C2.2,Grandes divisiones,,,264534.0,,932990.0,,239487.0,572164.0,1690650.0,3781908.0,37067.0,45016.0
3º Trim 1997,,,,,,,C2.2,Grandes divisiones,,,264027.0,,939155.0,,247076.0,585338.0,1738871.0,3859484.0,37630.0,47387.0
4º Trim 1997,,,,,,,C2.2,Grandes divisiones,,,266014.0,,947558.0,,253540.0,598145.0,1795467.0,3946028.0,37678.0,47626.0
1º Trim 1998,,,,,,,C2.2,Grandes divisiones,,,269185.0,,951315.0,,258858.0,608855.0,1855407.0,4030186.0,38583.0,47983.0
2º Trim 1998,,,,,,,C2.2,Grandes divisiones,,,265681.0,,956459.0,,264097.0,619470.0,1886238.0,4079015.0,39071.0,47999.0
3º Trim 1998,,,,,,,C2.2,Grandes divisiones,,,269052.0,,952915.0,,269982.0,625317.0,1911031.0,4116201.0,38891.0,49013.0
4º Trim 1998,,,,,,,C2.2,Grandes divisiones,,,268584.0,,942017.0,,272748.0,627246.0,1914991.0,4111078.0,37144.0,48348.0
1º Trim 1999,,,,,,,C2.2,Grandes divisiones,,,267287.0,,927447.0,,273798.0,625625.0,1903554.0,4081373.0,35422.0,48240.0
2º Trim 1999,,,,,,,C2.2,Grandes divisiones,,,262509.0,,906991.0,,275245.0,623799.0,1909502.0,4061023.0,34764.0,48213.0
3º Trim 1999,,,,,,,C2.2,Grandes divisiones,,,260012.0,,891410.0,,268682.0,619867.0,1909471.0,4033684.0,35002.0,49240.0
4º Trim 1999,,,,,,,C2.2,Grandes divisiones,,,259609.0,,881395.0,,257315.0,618440.0,1915635.0,4017348.0,35754.0,49200.0
1º Trim 2000,,,,,,,C2.2,Grandes divisiones,,,257866.0,,870730.0,,243810.0,621428.0,1921102.0,4000269.0,36584.0,48749.0
2º Trim 2000,,,,,,,C2.2,Grandes divisiones,,,256675.0,,860039.0,,228861.0,621652.0,1925738.0,3978773.0,36922.0,48886.0
3º Trim 2000,,,,,,,C2.2,Grandes divisiones,,,259430.0,,853801.0,,225146.0,627208.0,1940387.0,3991259.0,36911.0,48376.0
4º Trim 2000,,,,,,,C2.2,Grandes divisiones,,,260309.0,,847806.0,,227756.0,634633.0,1954675.0,4010779.0,36694.0,48906.0
1º Trim 2001,,,,,,,C2.2,Grandes divisiones,,,260409.0,,841703.0,,226631.0,639233.0,1958593.0,4013267.0,37775.0,48923.0
2º Trim 2001,,,,,,,C2.2,Grandes divisiones,,,261667.0,,831163.0,,219911.0,638464.0,1951251.0,3989572.0,38308.0,48808.0
3º Trim 2001,,,,,,,C2.2,Grandes divisiones,,,253363.0,,810476.0,,201028.0,626630.0,1921648.0,3899640.0,37431.0,49064.0
4º Trim 2001,,,,,,,C2.2,Grandes divisiones,,,246397.0,,780497.0,,176946.0,608746.0,1882329.0,3780605.0,37022.0,48668.0
1º Trim 2002,,,,,,,C2.2,Grandes divisiones,,,241293.0,,742936.0,,136811.0,580110.0,1805729.0,3590887.0,36216.0,47792.0
2º Trim 2002,,,,,,,C2.2,Grandes divisiones,,,240467.0,,730873.0,,120219.0,566291.0,1776955.0,3515727.0,34791.0,46131.0
3º Trim 2002,,,,,,,C2.2,Grandes divisiones,,,243267.0,,727944.0,,116005.0,556671.0,1763775.0,3488167.0,34535.0,45970.0
4º Trim 2002,,,,,,,C2.2,Grandes divisiones,,,246500.0,,733289.0,,121228.0,555394.0,1763183.0,3500873.0,35399.0,45880.0
1º Trim 2003,,,,,,,C2.2,Grandes divisiones,,,251870.0,,753643.0,,135608.0,563672.0,1792490.0,3579941.0,36765.0,45893.0
2º Trim 2003,,,,,,,C2.2,Grandes divisiones,,,258422.0,,774804.0,,150515.0,577993.0,1829937.0,3675875.0,38136.0,46068.0
3º Trim 2003,,,,,,,C2.2,Grandes divisiones,,,264238.0,,798892.0,,164952.0,597490.0,1866659.0,3777914.0,39320.0,46363.0
4º Trim 2003,,,,,,,C2.2,Grandes divisiones,,,269246.0,,824058.0,,179694.0,616594.0,1905849.0,3882368.0,40422.0,46505.0
1º Trim 2004,,,,,,,C2.2,Grandes divisiones,,,276723.0,,850723.0,,193823.0,636345.0,1943214.0,3990681.0,42352.0,47501.0
2º Trim 2004,,,,,,,C2.2,Grandes divisiones,,,283998.0,,875809.0,,205431.0,656853.0,1991540.0,4104943.0,43406.0,47906.0
3º Trim 2004,,,,,,,C2.2,Grandes divisiones,,,290449.0,,899609.0,,220463.0,685523.0,2069571.0,4258642.0,44799.0,48228.0
4º Trim 2004,,,,,,,C2.2,Grandes divisiones,,,295437.0,,924376.0,,237893.0,708589.0,2117033.0,4378624.0,46536.0,48760.0
1º Trim 2005,,,,,,,C2.2,Grandes divisiones,,,303059.0,,948588.0,,260520.0,728790.0,2172928.0,4511063.0,48254.0,48924.0
2º Trim 2005,,,,,,,C2.2,Grandes divisiones,,,308787.0,,967181.0,,282590.0,749218.0,2224934.0,4632880.0,50610.0,49560.0
3º Trim 2005,,,,,,,C2.2,Grandes divisiones,,,313863.0,,986367.0,,304533.0,767661.0,2277021.0,4750549.0,51466.0,49638.0
4º Trim 2005,,,,,,,C2.2,Grandes divisiones,,,318606.0,,1010648.0,,328091.0,788071.0,2330666.0,4879220.0,52684.0,50454.0
1º Trim 2006,,,,,,,C2.2,Grandes divisiones,,,323808.0,,1031600.0,,342834.0,806580.0,2378445.0,4989899.0,54880.0,51752.0
2º Trim 2006,,,,,,,C2.2,Grandes divisiones,,,327184.0,,1051366.0,,355376.0,824063.0,2423524.0,5088322.0,55641.0,51168.0
3º Trim 2006,,,,,,,C2.2,Grandes divisiones,,,331003.0,,1067475.0,,364301.0,842103.0,2469359.0,5182755.0,56782.0,51732.0
4º Trim 2006,,,,,,,C2.2,Grandes divisiones,,,333477.0,,1086313.0,,382452.0,862799.0,2520285.0,5296317.0,58901.0,52090.0
1º Trim 2007,,,,,,,C2.2,Grandes divisiones,,,337707.0,,1106097.0,,403446.0,888158.0,2569107.0,5418214.0,61241.0,52458.0
2º Trim 2007,,,,,,,C2.2,Grandes divisiones,,,340483.0,,1124313.0,,419628.0,906912.0,2617902.0,5524709.0,62707.0,52764.0
3º Trim 2007,,,,,,,C2.2,Grandes divisiones,,,343482.0,,1144072.0,,431545.0,929707.0,2671508.0,5637738.0,64649.0,52775.0
4º Trim 2007,,,,,,,C2.2,Grandes divisiones,,,348738.0,,1164104.0,,432217.0,963546.0,2735828.0,5764241.0,66607.0,53201.0
1º Trim 2008,,,,,,,C2.2,Grandes divisiones,,,352995.0,,1184161.0,,432995.0,976544.0,2777606.0,5846575.0,68479.0,53795.0
2º Trim 2008,,,,,,,C2.2,Grandes divisiones,,,360516.0,,1203264.0,,435848.0,996005.0,2817667.0,5937081.0,69564.0,54217.0
3º Trim 2008,,,,,,,C2.2,Grandes divisiones,,,362664.0,,1210840.0,,427727.0,1010176.0,2833638.0,5969950.0,70540.0,54365.0
4º Trim 2008,,,,,,,C2.2,Grandes divisiones,,,363179.0,,1202484.0,,417212.0,1010527.0,2827249.0,5945857.0,70807.0,54399.0
1º Trim 2009,,,,,,,C2.2,Grandes divisiones,,,355769.0,,1184949.0,,402471.0,1005291.0,2793627.0,5866207.0,69550.0,54550.0
2º Trim 2009,,,,,,,C2.2,Grandes divisiones,,,348057.0,,1169249.0,,396571.0,1003219.0,2776972.0,5817998.0,68352.0,55578.0
3º Trim 2009,,,,,,,C2.2,Grandes divisiones,,,352005.0,,1169306.0,,394588.0,1005084.0,2782717.0,5827591.0,67962.0,55929.0
4º Trim 2009,,,,,,,C2.2,Grandes divisiones,,,353551.0,,1175995.0,,389643.0,1011692.0,2803022.0,5858242.0,68057.0,56282.0
1º Trim 2010,,,,,,,C2.2,Grandes divisiones,,,350328.0,,1187693.0,,390409.0,1022967.0,2834333.0,5911128.0,68999.0,56399.0
2º Trim 2010,,,,,,,C2.2,Grandes divisiones,,,348963.0,,1198476.0,,392759.0,1032642.0,2861353.0,5960477.0,69651.0,56633.0
3º Trim 2010,,,,,,,C2.2,Grandes divisiones,,,349730.0,,1208498.0,,400058.0,1043972.0,2886869.0,6017356.0,70741.0,57488.0
4º Trim 2010,,,,,,,C2.2,Grandes divisiones,,,353423.0,,1217299.0,,412635.0,1056425.0,2917356.0,6086658.0,71928.0,57592.0
1º Trim 2011,,,,,,,C2.2,Grandes divisiones,,,361238.0,,1236266.0,,427632.0,1068853.0,2955219.0,6180629.0,73074.0,58347.0
2º Trim 2011,,,,,,,C2.2,Grandes divisiones,,,367711.0,,1252911.0,,437867.0,1081354.0,2989891.0,6262386.0,73662.0,58990.0
3º Trim 2011,,,,,,,C2.2,Grandes divisiones,,,366758.0,,1264740.0,,444969.0,1092264.0,3018522.0,6321598.0,74813.0,59532.0
4º Trim 2011,,,,,,,C2.2,Grandes divisiones,,,367783.0,,1274581.0,,450013.0,1101619.0,3036734.0,6367111.0,76151.0,60230.0
1º Trim 2012,,,,,,,C2.2,Grandes divisiones,,,360633.0,,1271871.0,,444620.0,1103737.0,3049246.0,6367852.0,77344.0,60401.0
2º Trim 2012,,,,,,,C2.2,Grandes divisiones,,,356932.0,,1274080.0,,435892.0,1106462.0,3049848.0,6362002.0,77789.0,60999.0
3º Trim 2012,,,,,,,C2.2,Grandes divisiones,,,358902.0,,1275107.0,,426056.0,1107536.0,3052259.0,6359183.0,78205.0,61118.0
4º Trim 2012,,,,,,,C2.2,Grandes divisiones,,,359876.0,,1281376.0,,421172.0,1112385.0,3063336.0,6378849.0,78781.0,61923.0
1º Trim 2013,,,,,,,C2.2,Grandes divisiones,,,364117.0,,1291832.0,,425759.0,1117335.0,3070676.0,6412287.0,79800.0,62768.0
2º Trim 2013,,,,,,,C2.2,Grandes divisiones,,,362864.0,,1290183.0,,430617.0,1117459.0,3077782.0,6422640.0,80390.0,63345.0
3º Trim 2013,,,,,,,C2.2,Grandes divisiones,,,354803.0,,1291910.0,,430969.0,1120873.0,3086128.0,6430372.0,81428.0,64261.0
4º Trim 2013,,,,,,,C2.2,Grandes divisiones,,,348847.0,,1292904.0,,430823.0,1124486.0,3092414.0,6437706.0,83185.0,65047.0
1º Trim 2014,,,,,,,C2.2,Grandes divisiones,,,350319.0,,1286665.0,,425445.0,1124799.0,3083653.0,6422084.0,85401.0,65802.0
2º Trim 2014,,,,,,,C2.2,Grandes divisiones,,,353953.0,,1281690.0,,423383.0,1124192.0,3084813.0,6421179.0,86531.0,66617.0
3º Trim 2014,,,,,,,C2.2,Grandes divisiones,,,360736.0,,1278379.0,,428037.0,1124836.0,3091266.0,6438284.0,87803.0,67227.0
4º Trim 2014,,,,,,,C2.2,Grandes divisiones,,,364352.0,,1277101.0,,435690.0,1126234.0,3106441.0,6467597.0,89616.0,68163.0
1º Trim 2015,,,,,,,C2.2,Grandes divisiones,,,362927.0,,1283211.0,,448901.0,1133456.0,3132158.0,6520599.0,91217.0,68729.0
2º Trim 2015,,,,,,,C2.2,Grandes divisiones,,,363358.0,,1293965.0,,463422.0,1143969.0,3162294.0,6587455.0,90883.0,69564.0
3º Trim 2015,,,,,,,C2.2,Grandes divisiones,,,357997.0,,1300281.0,,465823.0,1151232.0,3184030.0,6620148.0,90420.0,70365.0
4º Trim 2015,,,,,,,C2.2,Grandes divisiones,,,350531.0,,1297733.0,,449507.0,1155456.0,3193036.0,6606332.0,89378.0,70691.0
1º Trim 2016,,,,,,,C2.2,Grandes divisiones,,,349902.0,,1288434.0,,423452.0,1161719.0,3191350.0,6573933.0,88101.0,70975.0
2º Trim 2016,,,,,,,C2.2,Grandes divisiones,,,349101.0,,1276082.0,,413568.0,1162283.0,3183907.0,6541669.0,85735.0,70993.0
3º Trim 2016,,,,,,,C2.2,Grandes divisiones,,,354127.0,,1266256.0,,414728.0,1164971.0,3175392.0,6531339.0,84523.0,71342.0
4º Trim 2016,,,,,,,C2.2,Grandes divisiones,,,359613.0,,1260047.0,,423139.0,1169403.0,3181231.0,6549019.0,83917.0,71669.0
1º Trim 2017,,,,,,,C2.2,Grandes divisiones,,,358312.0,,1254268.0,,437516.0,1170836.0,3198848.0,6574716.0,82478.0,72458.0
2º Trim 2017,,,,,,,C2.2,Grandes divisiones,,,357267.0,,1250029.0,,448523.0,1175258.0,3207080.0,6592012.0,81097.0,72758.0
3º Trim 2017,,,,,,,C2.2,Grandes divisiones,,,357861.0,,1244257.0,,461641.0,1180548.0,3227725.0,6626401.0,81033.0,73336.0
4º Trim 2017,,,,,,,C2.2,Grandes divisiones,,,361170.0,,1246616.0,,473439.0,1190066.0,3241705.0,6668132.0,81186.0,73950.0
1º Trim 2018,,,,,,,C2.2,Grandes divisiones,,,363171.0,,1243393.0,,478052.0,1193662.0,3247569.0,6681653.0,81493.0,74313.0
2º Trim 2018,,,,,,,C2.2,Grandes divisiones,,,360424.0,,1231296.0,,476660.0,1190215.0,3246929.0,6664543.0,84806.0,74213.0
3º Trim 2018,,,,,,,C2.2,Grandes divisiones,,,365525.0,,1213112.0,,468460.0,1181357.0,3226907.0,6614572.0,85153.0,74058.0
4º Trim 2018,,,,,,,C2.2,Grandes divisiones,,,373038.0,,1194447.0,,460503.0,1165535.0,3209656.0,6563677.0,86488.0,74010.0
1º Trim 2019,,,,,,,C2.2,Grandes divisiones,,,367895.0,,1181664.0,,470774.0,1154334.0,3196189.0,6532967.0,87967.0,74144.0
2º Trim 2019,,,,,,,C2.2,Grandes divisiones,,,370989.0,,1172399.0,,465803.0,1146777.0,3182384.0,6501724.0,89156.0,74216.0
3º Trim 2019,,,,,,,C2.2,Grandes divisiones,,,368883.0,,1162673.0,,453148.0,1140902.0,3179128.0,6469133.0,90088.0,74311.0
4º Trim 2019,,,,,,,C2.2,Grandes divisiones,,,367249.0,,1148592.0,,422269.0,1133448.0,3167246.0,6402707.0,89758.0,74145.0
1º Trim 2020,,,,,,,C2.2,Grandes divisiones,,,363627.0,,1138952.0,,394423.0,1128676.0,3150077.0,6338470.0,88939.0,73776.0
2º Trim 2020,,,,,,,C2.2,Grandes divisiones,,,358899.0,,1132712.0,,335640.0,1109453.0,3048890.0,6145726.0,86623.0,73509.0
3º Trim 2020,,,,,,,C2.2,Grandes divisiones,,,357095.0,,1140424.0,,330719.0,1106037.0,3038075.0,6129919.0,83946.0,73623.0
4º Trim 2020,,,,,,,C2.2,Grandes divisiones,,,356699.0,,1153059.0,,346879.0,1107234.0,3036377.0,6156486.0,82507.0,73731.0
1º Trim 2021,,,,,,,C2.2,Grandes divisiones,,,360494.0,,1163967.0,,365135.0,1110206.0,3045784.0,6203798.0,84172.0,74040.0
2º Trim 2021,,,,,,,C2.2,Grandes divisiones,,,366274.0,,1174635.0,,378288.0,1118620.0,3066658.0,6263412.0,84813.0,74124.0
3º Trim 2021,,,,,,,C2.2,Grandes divisiones,,,366978.0,,1178501.0,,392738.0,1122838.0,3072744.0,6293430.0,85473.0,74158.0
4º Trim 2021,,,,,,,C2.2,Grandes divisiones,,,363716.0,,1189569.0,,408871.0,1138544.0,3115922.0,6377287.0,86370.0,74295.0
1º Trim 2022,,,,,,,C2.2,Grandes divisiones,,,360583.0,,1205184.0,,425498.0,1158220.0,3157851.0,6469876.0,88104.0,74436.0
2º Trim 2022,,,,,,,C2.2,Grandes divisiones,,,358010.0,,1222670.0,,442655.0,1178372.0,3192580.0,6558101.0,89264.0,74550.0
3º Trim 2022,,,,,,,C2.2,Grandes divisiones,,,355677.0,,1234008.0,,455066.0,1194522.0,3218921.0,6624372.0,91171.0,75007.0
4º Trim 2022,,,,,,,C2.2,Grandes divisiones,,,355094.0,,1243986.0,,467950.0,1211257.0,3237074.0,6683917.0,93038.0,75518.0
1º Trim 2023,,,,,,,C2.2,Grandes divisiones,,,354549.0,,1256028.0,,481413.0,1228625.0,3255640.0,6747028.0,94941.0,75832.0
2º Trim 2023,,,,,,,C2.2,Grandes divisiones,,,352533.0,,1265347.0,,489905.0,1244766.0,3275013.0,6799577.0,96170.0,75843.0
3º Trim 2023,,,,,,,C2.2,Grandes divisiones,,,355435.0,,1271694.0,,482351.0,1258696.0,3284926.0,6827054.0,97697.0,76255.0
4º Trim 2023,,,,,,,C2.2,Grandes divisiones,,,352389.0,,1267954.0,,455223.0,1264223.0,3279640.0,6795056.0,98731.0,76896.0
1º Trim 2024,,,,,,,C2.2,Grandes divisiones,,,358989.0,,1255217.0,,412539.0,1260197.0,3256030.0,6720126.0,100146.0,77008.0
2º Trim 2024,,,,,,,C2.2,Grandes divisiones,,,362547.0,,1237772.0,,390276.0,1254874.0,3231594.0,6653292.0,99812.0,76417.0
